{
  "_meta": {
    "window": 5,
    "prior_window": 20,
    "manchester_age_min": 24.0,
    "manchester_age_max": 36.0,
    "min_episodes_per_child": 200,
    "contingent_only": true
  },
  "uk_full_post_msr": {
    "n": 303980,
    "n_cues": 137,
    "n_children": 41,
    "r2": 0.26980013085959675,
    "params": {
      "const": {
        "beta": 0.39601792012170794,
        "se": 0.010218721659391953,
        "t": 38.754154709530695,
        "p": 0.0,
        "ci95_low": 0.37598959370126034,
        "ci95_high": 0.41604624654215555
      },
      "COI_z": {
        "beta": 0.007896714512111838,
        "se": 0.009335826275463309,
        "t": 0.8458506273693432,
        "p": 0.39763607837678117,
        "ci95_low": -0.010401168753718961,
        "ci95_high": 0.026194597777942637
      },
      "cumulative_cue_attempts_z": {
        "beta": 0.022482852637200134,
        "se": 0.00964192335901656,
        "t": 2.3317808906016135,
        "p": 0.01971222082420336,
        "ci95_low": 0.0035850301118322166,
        "ci95_high": 0.04138067516256805
      },
      "COI_x_cumulative": {
        "beta": 0.024256509670845992,
        "se": 0.0095744676844513,
        "t": 2.533457782748379,
        "p": 0.01129433442742769,
        "ci95_low": 0.00549089783817884,
        "ci95_high": 0.043022121503513144
      },
      "prior_local_freq_z": {
        "beta": 0.1532330650883033,
        "se": 0.018150279971503203,
        "t": 8.44246288921639,
        "p": 3.107200898102965e-17,
        "ci95_low": 0.11765917003483836,
        "ci95_high": 0.18880696014176826
      },
      "log_cue_freq_z": {
        "beta": 0.10775988214603072,
        "se": 0.021860811309656666,
        "t": 4.929363353428219,
        "p": 8.24980140990557e-07,
        "ci95_low": 0.06491347930627776,
        "ci95_high": 0.15060628498578366
      }
    }
  },
  "uk_reverse_A_lifetime": {
    "n": 243120,
    "n_cues": 136,
    "n_children": 28,
    "r2": 0.250588459754859,
    "params": {
      "const": {
        "beta": 0.3804126119263315,
        "se": 0.011277122757198792,
        "t": 33.7331268016475,
        "p": 1.8900772062729268e-249,
        "ci95_low": 0.3583098574729849,
        "ci95_high": 0.40251536637967816
      },
      "COI_z": {
        "beta": 0.006625472967528963,
        "se": 0.01057403575743659,
        "t": 0.6265793987758504,
        "p": 0.5309349759192827,
        "ci95_low": -0.014099256288285462,
        "ci95_high": 0.02735020222334339
      },
      "cumulative_cue_attempts_z": {
        "beta": 0.022032340114790466,
        "se": 0.010008653975473247,
        "t": 2.2013289867730386,
        "p": 0.02771274223306102,
        "ci95_low": 0.0024157387891392684,
        "ci95_high": 0.041648941440441664
      },
      "COI_x_cumulative": {
        "beta": 0.02107413505946259,
        "se": 0.01003070277664229,
        "t": 2.1009629662775247,
        "p": 0.035644217292562404,
        "ci95_low": 0.0014143188776177817,
        "ci95_high": 0.040733951241307395
      },
      "prior_local_freq_z": {
        "beta": 0.15437504153944906,
        "se": 0.017576469276243838,
        "t": 8.783051881079476,
        "p": 1.5909774395468127e-18,
        "ci95_low": 0.11992579478263635,
        "ci95_high": 0.18882428829626177
      },
      "log_cue_freq_z": {
        "beta": 0.09794631577292535,
        "se": 0.02117543825968129,
        "t": 4.625468175523822,
        "p": 3.7375319341488565e-06,
        "ci95_low": 0.056443219427098505,
        "ci95_high": 0.1394494121187522
      }
    }
  },
  "uk_reverse_B_local": {
    "n": 243120,
    "n_cues": 136,
    "n_children": 28,
    "r2": 0.2505122723651336,
    "params": {
      "const": {
        "beta": 0.38043999361556324,
        "se": 0.011317549451394729,
        "t": 33.615050258841976,
        "p": 1.01112921915109e-247,
        "ci95_low": 0.35825800429757854,
        "ci95_high": 0.40262198293354795
      },
      "COI_z": {
        "beta": 0.006579359794005114,
        "se": 0.010538177201911598,
        "t": 0.6243356576706297,
        "p": 0.5324071710436602,
        "ci95_low": -0.014075087984442698,
        "ci95_high": 0.027233807572452928
      },
      "cumulative_cue_attempts_z": {
        "beta": 0.021503991391287437,
        "se": 0.009902147279543003,
        "t": 2.171649318498106,
        "p": 0.029882124021409395,
        "ci95_low": 0.0020961393537718767,
        "ci95_high": 0.040911843428802996
      },
      "COI_x_cumulative": {
        "beta": 0.021092409568755334,
        "se": 0.009947301960954977,
        "t": 2.1204151288004516,
        "p": 0.0339710519660671,
        "ci95_low": 0.0015960559819389215,
        "ci95_high": 0.04058876315557175
      },
      "prior_local_freq_z": {
        "beta": 0.1546045053360588,
        "se": 0.01761426255473765,
        "t": 8.777234065610957,
        "p": 1.6754407424702981e-18,
        "ci95_low": 0.12008118511454052,
        "ci95_high": 0.18912782555757707
      },
      "log_cue_freq_z": {
        "beta": 0.09819769807976719,
        "se": 0.02115727396975405,
        "t": 4.641320910252822,
        "p": 3.461889898850543e-06,
        "ci95_low": 0.05673020308800248,
        "ci95_high": 0.1396651930715319
      }
    }
  },
  "manchester_post_msr": {
    "n": 77533,
    "n_cues": 111,
    "n_children": 11,
    "r2": 0.24906505377760724,
    "params": {
      "const": {
        "beta": 0.44236727950699906,
        "se": 0.010359171959384109,
        "t": 42.70295746044353,
        "p": 0.0,
        "ci95_low": 0.42206367555694896,
        "ci95_high": 0.46267088345704915
      },
      "COI_z": {
        "beta": -0.016838626966058437,
        "se": 0.013064253088727508,
        "t": -1.2889085087143366,
        "p": 0.1974298956288698,
        "ci95_low": -0.042444092504880515,
        "ci95_high": 0.008766838572763638
      },
      "cumulative_cue_attempts_z": {
        "beta": 0.04483296213924879,
        "se": 0.013634867133221304,
        "t": 3.2881114059420087,
        "p": 0.0010086191840861004,
        "ci95_low": 0.01810911362414614,
        "ci95_high": 0.07155681065435143
      },
      "COI_x_cumulative": {
        "beta": -0.006510507431345962,
        "se": 0.013617909740564803,
        "t": -0.47808419613419606,
        "p": 0.6325902799337131,
        "ci95_low": -0.033201120067570165,
        "ci95_high": 0.020180105204878243
      },
      "prior_local_freq_z": {
        "beta": 0.14540197077546224,
        "se": 0.017209284295918555,
        "t": 8.44904228875727,
        "p": 2.9370208184922875e-17,
        "ci95_low": 0.11167239335575113,
        "ci95_high": 0.17913154819517335
      },
      "log_cue_freq_z": {
        "beta": 0.10484679417467044,
        "se": 0.02162419150928225,
        "t": 4.848587940486221,
        "p": 1.243434060386636e-06,
        "ci95_low": 0.062464157621680394,
        "ci95_high": 0.14722943072766048
      }
    }
  },
  "meta": {
    "uk_full_post_msr": {
      "n_studies": 27,
      "Q": 70.5858273810162,
      "df": 26,
      "tau2": 0.0012829514451638668,
      "I2_pct": 63.16541016137101,
      "pooled_beta_RE": 0.030804456196270646,
      "pooled_se_RE": 0.009343912385216,
      "pooled_z_RE": 3.2967406934390415,
      "pooled_p_RE": 0.0009781376289543786,
      "pooled_beta_FE": 0.026341758809987365,
      "pooled_se_FE": 0.005161017391057781
    },
    "uk_reverse_A_lifetime": {
      "n_studies": 25,
      "Q": 52.1913519934851,
      "df": 24,
      "tau2": 0.0009247078923608952,
      "I2_pct": 54.01537020348533,
      "pooled_beta_RE": 0.02304427247006272,
      "pooled_se_RE": 0.008870349712032672,
      "pooled_z_RE": 2.597898980104815,
      "pooled_p_RE": 0.009379608360355896,
      "pooled_beta_FE": 0.01966172790116251,
      "pooled_se_FE": 0.005521808573481659
    },
    "uk_reverse_B_local": {
      "n_studies": 25,
      "Q": 52.222921143890815,
      "df": 24,
      "tau2": 0.0009312291170694316,
      "I2_pct": 54.043168259637675,