{
  "n_total": 382,
  "random_intercept_sd_corpus": 0.357187085999596,
  "random_intercept_variance_warning": "covariance singular with only 2 corpora; treat as fixed-effect equivalent",
  "fixed_effects": {
    "Intercept": {
      "beta": -0.21622557424559538,
      "se": 0.26136895026730816,
      "z": -0.8272810294583821,
      "p": 0.4080777936226875
    },
    "logFreq_z": {
      "beta": 0.5668282665356437,
      "se": 0.06431712044873812,
      "z": 8.81302307349745,
      "p": 1.2181546525121163e-18
    },
    "COI_z": {
      "beta": -0.06948318747676861,
      "se": 0.0792045129183654,
      "z": -0.8772629856127468,
      "p": 0.38034381192493183
    },
    "COI_x_logFreq": {
      "beta": 0.35341674046381455,
      "se": 0.04311930530448738,
      "z": 8.196253116049967,
      "p": 2.4799585609319367e-16
    },
    "RplusRate_z": {
      "beta": -0.08795257154414428,
      "se": 0.08511123326803079,
      "z": -1.033383822170284,
      "p": 0.3014243142688806
    },
    "RplusComposite_z": {
      "beta": 0.04315816169351319,
      "se": 0.08561517690288613,
      "z": 0.5040947557985868,
      "p": 0.6141947919511259
    },
    "Rcomp_x_COI": {
      "beta": -0.0393718247945803,
      "se": 0.05773433179565597,
      "z": -0.6819482198898975,
      "p": 0.4952716932467752
    },
    "age_post": {
      "beta": -0.010718835992287184,
      "se": 0.08580858011527653,
      "z": -0.12491566668376682,
      "p": 0.9005903153012617
    },
    "Rcomp_x_age": {
      "beta": 0.04251939268480349,
      "se": 0.11131294449417815,
      "z": 0.3819806661122626,
      "p": 0.7024757054504246
    },
    "COI_x_age": {
      "beta": 0.09954205230170972,
      "se": 0.08938599672076722,
      "z": 1.1136202084613878,
      "p": 0.265442153158316
    },
    "Rcomp_x_COI_x_age": {
      "beta": 0.01508629873972777,
      "se": 0.0961789316880222,
      "z": 0.15685658464853344,
      "p": 0.8753578766444559
    }
  },
  "three_way_interaction": {
    "beta": 0.01508629873972777,
    "se": 0.0961789316880222,
    "z": 0.15685658464853344,
    "p": 0.8753578766444559,
    "ci95_low": -0.17342440736879575,
    "ci95_high": 0.2035970048482513
  },
  "implied_simple_slopes": {
    "rcomp_x_coi_at_pre": -0.0393718247945803,
    "rcomp_x_coi_at_post": -0.024285526054852527
  },
  "composition": {
    "Brown_post": 107,
    "Brown_pre": 66,
    "Manchester_post": 111,
    "Manchester_pre": 98
  },
  "solo_fit_reference": {
    "Brown_pre": {
      "beta_rcoi": -0.067,
      "p": 0.453,
      "n_cues": 66
    },
    "Brown_post": {
      "beta_rcoi": 0.035,
      "p": 0.659,
      "n_cues": 107
    },
    "Manchester_pre": {
      "beta_rcoi": -0.298,
      "p": 0.002,
      "n_cues": 98
    },
    "Manchester_post": {
      "beta_rcoi": 0.036,
      "p": 0.69,
      "n_cues": 111
    }
  }
}