{
  "n_utt": {
    "manchester_median": 1558.5,
    "Brown": {
      "U": 2649.0,
      "p": 3.9615947912531687e-07,
      "other_median": 1135.0
    },
    "UK_long_long": {
      "U": 2808.5,
      "p": 0.8309252605037404,
      "other_median": 1569.5
    },
    "UK_short_obs": {
      "U": 12317.0,
      "p": 6.922689488162003e-38,
      "other_median": 296.0
    }
  },
  "n_child": {
    "manchester_median": 585.0,
    "Brown": {
      "U": 1683.5,
      "p": 0.8669065877033104,
      "other_median": 541.5
    },
    "UK_long_long": {
      "U": 2692.5,
      "p": 0.8337963551505492,
      "other_median": 585.5
    },
    "UK_short_obs": {
      "U": 12265.0,
      "p": 2.8086679622675666e-37,
      "other_median": 139.0
    }
  },
  "n_caregiver": {
    "manchester_median": 916.0,
    "Brown": {
      "U": 3165.0,
      "p": 1.4564200983946757e-14,
      "other_median": 387.5
    },
    "UK_long_long": {
      "U": 3306.5,
      "p": 0.04067646566850479,
      "other_median": 861.0
    },
    "UK_short_obs": {
      "U": 12307.0,
      "p": 9.066634693399087e-38,
      "other_median": 134.0
    }
  },
  "caregiver_to_child_ratio": {
    "manchester_median": 1.6100204435419818,
    "Brown": {
      "U": 3093.0,
      "p": 2.37930425967386e-13,
      "other_median": 0.8212462686567163
    },
    "UK_long_long": {
      "U": 3297.5,
      "p": 0.012993832881178492,
      "other_median": 1.3674007373332029
    },
    "UK_short_obs": {
      "U": 9292.5,
      "p": 5.922563380645263e-11,
      "other_median": 1.0043103448275863
    }
  },
  "pct_mor": {
    "manchester_median": 0.9698970840480274,
    "Brown": {
      "U": 1384.0,
      "p": 0.1775598283909029,
      "other_median": 0.9841063817755984
    },
    "UK_long_long": {
      "U": 4178.0,
      "p": 1.4801464998236696e-07,
      "other_median": 0.9294979227646114
    },
    "UK_short_obs": {
      "U": 11611.0,
      "p": 4.62566219731448e-30,
      "other_median": 0.86043185696556
    }
  },
  "pct_gra": {
    "manchester_median": 0.9698970840480274,
    "Brown": {
      "U": 1384.0,
      "p": 0.1775598283909029,
      "other_median": 0.9841063817755984
    },
    "UK_long_long": {
      "U": 4178.0,
      "p": 1.4801464998236696e-07,
      "other_median": 0.9294979227646114
    },
    "UK_short_obs": {
      "U": 11611.0,
      "p": 4.62566219731448e-30,
      "other_median": 0.86043185696556
    }
  },
  "pct_rich_dep": {
    "manchester_median": 0.02881840582042588,
    "Brown": {
      "U": 145.0,
      "p": 2.165422196152728e-14,
      "other_median": 0.19028609912371766
    },
    "UK_long_long": {
      "U": 3875.0,
      "p": 3.469386608995709e-05,
      "other_median": 0.014927490542244641
    },
    "UK_short_obs": {
      "U": 570.0,
      "p": 1.5811406714363045e-31,
      "other_median": 0.1750009039302889
    }
  },
  "pct_zero_tokens": {
    "manchester_median": 0.016421338441367637,
    "Brown": {
      "U": 1584.5,
      "p": 0.7413287656408392,
      "other_median": 0.016819985569985568
    },
    "UK_long_long": {
      "U": 569.0,
      "p": 9.989281101424225e-16,
      "other_median": 0.06793193325144552
    },
    "UK_short_obs": {
      "U": 1810.5,
      "p": 9.982459294337944e-20,
      "other_median": 0.04459079699478101
    }
  },
  "mean_tokens": {
    "manchester_median": 2.8534936294843543,
    "Brown": {
      "U": 1913.0,
      "p": 0.18250838049129725,
      "other_median": 2.8697421082400787
    },
    "UK_long_long": {
      "U": 3040.0,
      "p": 0.2865478922933469,
      "other_median": 2.872849406416174
    },
    "UK_short_obs": {
      "U": 7262.0,
      "p": 0.02133157945066814,
      "other_median": 2.7811715757495707
    }
  },
  "pct_control_word_tokens": {
    "manchester_median": 0.030370871407835568,
    "Brown": {
      "U": 840.0,
      "p": 3.94054641040585e-05,
      "other_median": 0.039170313998165125
    },
    "UK_long_long": {
      "U": 2148.0,
      "p": 0.026809610261341807,
      "other_median": 0.03588343191132536
    },
    "UK_short_obs": {
      "U": 956.0,
      "p": 1.5169198930112904e-27,
      "other_median": 0.0742416624769566
    }
  },
  "pct_period": {
    "manchester_median": 0.7578161647563836,
    "Brown": {
      "U": 2216.0,
      "p": 0.004081197061563853,
      "other_median": 0.7185812431675733
    },
    "UK_long_long": {
      "U": 3390.0,
      "p": 0.018564285070234866,
      "other_median": 0.7353423133998553
    },
    "UK_short_obs": {
      "U": 1809.0,
      "p": 9.699388060939753e-20,
      "other_median": 0.8337894736842105
    }
  },
  "pct_question": {
    "manchester_median": 0.22919376713692347,
    "Brown": {
      "U": 1234.0,
      "p": 0.03485305414893278,
      "other_median": 0.26445729351789277
    },
    "UK_long_long": {
      "U": 2456.0,
      "p": 0.2799417409406334,
      "other_median": 0.240855380142253
    },
    "UK_short_obs": {
      "U": 10849.0,
      "p": 1.1408729075575752e-22,
      "other_median": 0.1517563245129398
    }
  },
  "pct_exclamation": {
    "manchester_median": 0.0,
    "Brown": {
      "U": 490.5,
      "p": 2.106932086840797e-10,
      "other_median": 0.0031036828480187446
    },
    "UK_long_long": {
      "U": 1843.0,
      "p": 0.0002326829836156162,
      "other_median": 0.0008568795065377283
    },
    "UK_short_obs": {
      "U": 4571.0,
      "p": 0.00023103900297252524,
      "other_median": 0.0
    }
  },
  "pct_other_term": {
    "manchester_median": 0.008267694558114526,
    "Brown": {
      "U": 1367.0,
      "p": 0.15138917961637166,
      "other_median": 0.010202048229240238
    },
    "UK_long_long": {
      "U": 1836.0,
      "p": 0.0007714377263072775,
      "other_median": 0.014063482974643727
    },
    "UK_short_obs": {
      "U": 5592.5,
      "p": 0.23579171147488576,
      "other_median": 0.010453469313421962
    }
  },
  "n_distinct_header_types": {
    "manchester_median": 14.0,
    "Brown": {
      "U": 2897.0,
      "p": 3.323901211193872e-11,
      "other_median": 12.0
    },
    "UK_long_long": {
      "U": 2840.0,
      "p": 0.7333812153301726,
      "other_median": 14.0
    },
    "UK_short_obs": {
      "U": 7450.0,
      "p": 0.004142096136267315,
      "other_median": 14.0
    }
  }
}