{
  "with_rplus": {
    "5": {
      "FULL": {
        "n_studies": 32,
        "Q": 78.61386476179015,
        "df": 31,
        "tau2": 0.0010098566291486416,
        "I2_pct": 60.5667523229727,
        "pooled_beta_RE": 0.023791608052464348,
        "pooled_se_RE": 0.007712640166671987,
        "pooled_z_RE": 3.084755354628512,
        "pooled_p_RE": 0.002037196481458503
      },
      "DROP_MANC": {
        "n_studies": 21,
        "Q": 62.992797722990225,
        "df": 20,
        "tau2": 0.0013767240343283164,
        "I2_pct": 68.25033857370542,
        "pooled_beta_RE": 0.03590789658975766,
        "pooled_se_RE": 0.01054288153936889,
        "pooled_z_RE": 3.4058901691792274,
        "pooled_p_RE": 0.0006594870423068944
      },
      "n_full": 32,
      "n_drop": 21
    },
    "10": {
      "FULL": {
        "n_studies": 32,
        "Q": 61.91222089945093,
        "df": 31,
        "tau2": 0.001281336655058406,
        "I2_pct": 49.92911003734495,
        "pooled_beta_RE": 0.03387648456815938,
        "pooled_se_RE": 0.009548113392212395,
        "pooled_z_RE": 3.5479767757879395,
        "pooled_p_RE": 0.00038820244958159833
      },
      "DROP_MANC": {
        "n_studies": 21,
        "Q": 49.62981588815218,
        "df": 20,
        "tau2": 0.0018941440357745183,
        "I2_pct": 59.70164377584468,
        "pooled_beta_RE": 0.04845978735298271,
        "pooled_se_RE": 0.013162176804266531,
        "pooled_z_RE": 3.6817456621061666,
        "pooled_p_RE": 0.000231642437609203
      },
      "n_full": 32,
      "n_drop": 21
    }
  },
  "base": {
    "5": {
      "FULL": {
        "n_studies": 32,
        "Q": 84.80744620777668,
        "df": 31,
        "tau2": 0.0010860682131739751,
        "I2_pct": 63.44660594536643,
        "pooled_beta_RE": 0.02411087833384604,
        "pooled_se_RE": 0.007866733561715559,
        "pooled_z_RE": 3.0649160982373473,
        "pooled_p_RE": 0.0021773106839979572
      },
      "DROP_MANC": {
        "n_studies": 21,
        "Q": 67.11833340225436,
        "df": 20,
        "tau2": 0.001388699276253972,
        "I2_pct": 70.2018822783698,
        "pooled_beta_RE": 0.03630409584475502,
        "pooled_se_RE": 0.010532568062871398,
        "pooled_z_RE": 3.4468417985098463,
        "pooled_p_RE": 0.0005671806042470973
      },
      "n_full": 32,
      "n_drop": 21
    },
    "10": {
      "FULL": {
        "n_studies": 32,
        "Q": 48.53445997417756,
        "df": 31,
        "tau2": 0.0007468729465593383,
        "I2_pct": 36.12785633858222,
        "pooled_beta_RE": 0.03253015257145573,
        "pooled_se_RE": 0.008653016414778902,
        "pooled_z_RE": 3.7594003076078675,
        "pooled_p_RE": 0.0001703211290569051
      },
      "DROP_MANC": {
        "n_studies": 21,
        "Q": 37.43231423299472,
        "df": 20,
        "tau2": 0.0011097945809441132,
        "I2_pct": 46.57022839808553,
        "pooled_beta_RE": 0.044552743300648324,
        "pooled_se_RE": 0.011640758052528125,
        "pooled_z_RE": 3.827306013887336,
        "pooled_p_RE": 0.0001295534117617958
      },
      "n_full": 32,
      "n_drop": 21
    }
  }
}