{
  "n_rows": 16155,
  "n_cues": 99,
  "n_files": 208,
  "n_children": 3,
  "outcome_col": "next_5_reuse",
  "outcome_mean": 0.5574125657691117,
  "prior_window": 20,
  "contingent_only": true,
  "BASELINE_OLS_cluster": {
    "n": 16155,
    "r2": 0.15327203136722278,
    "params": {
      "const": {
        "beta": 0.507020959409766,
        "se": 0.024000315558931423,
        "stat": 21.125595543308776,
        "p": 4.627541267948193e-99,
        "ci95_low": 0.4599812052966641,
        "ci95_high": 0.5540607135228679
      },
      "age_post": {
        "beta": 0.05473586398346684,
        "se": 0.05001010272393205,
        "stat": 1.0944961318240465,
        "p": 0.2737374429622256,
        "ci95_low": -0.04328213621858843,
        "ci95_high": 0.15275386418552211
      },
      "COI_z": {
        "beta": 0.16390504762919889,
        "se": 0.019795292571829895,
        "stat": 8.280001269718408,
        "p": 1.2317396781278667e-16,
        "ci95_low": 0.12510698712497903,
        "ci95_high": 0.20270310813341874
      },
      "age_x_COI": {
        "beta": 0.03275880234753096,
        "se": 0.03546454350728815,
        "stat": 0.9237057384031703,
        "p": 0.35563954360418026,
        "ci95_low": -0.036750425654907624,
        "ci95_high": 0.10226803034996954
      }
    }
  },
  "BASELINE_MixedLM_cue": {
    "n": 16155,
    "group_var": "cue_subtype",
    "random_intercept_sd": 0.11749563501503814,
    "params": {
      "Intercept": {
        "beta": 0.22509588743048237,
        "se": 0.024633607815809793,
        "stat": 9.137755586334226,
        "p": 6.37618470813212e-20
      },
      "age_post": {
        "beta": 0.06352851773218539,
        "se": 0.012913209924967622,
        "stat": 4.919653448005468,
        "p": 8.669757720269564e-07
      },
      "COI_z": {
        "beta": 0.009112004910665095,
        "se": 0.017102971327087435,
        "stat": 0.5327732086081227,
        "p": 0.5941905817812927
      },
      "age_x_COI": {
        "beta": 0.03555977976021233,
        "se": 0.01277634336461623,
        "stat": 2.7832517290271226,
        "p": 0.005381703305689658
      }
    }
  },
  "BASELINE_MixedLM_child": {
    "n": 16155,
    "group_var": "child",
    "random_intercept_sd": 0.03255221561678589,
    "params": {
      "Intercept": {
        "beta": 0.4800429111584378,
        "se": 0.02441887585584142,
        "stat": 19.658681832546485,
        "p": 4.8722256653469924e-86
      },
      "age_post": {
        "beta": 0.09091749354525952,
        "se": 0.01761352289463333,
        "stat": 5.161800628366129,
        "p": 2.445857071568501e-07
      },
      "COI_z": {
        "beta": 0.16390504762920122,
        "se": 0.013071457493364405,
        "stat": 12.539156227406622,
        "p": 4.558229587459192e-36
      },
      "age_x_COI": {
        "beta": 0.03246622609081913,
        "se": 0.013595700512532375,
        "stat": 2.387977438962568,
        "p": 0.016941381748820705
      }
    }
  },
  "SPEC1_OLS_cluster": {
    "n": 16155,
    "r2": 0.2959885710143737,
    "params": {
      "const": {
        "beta": 0.5038045272470963,
        "se": 0.013406423241389886,
        "stat": 37.57933925968351,
        "p": 4.676133116822305e-309,
        "ci95_low": 0.47752842053247146,
        "ci95_high": 0.5300806339617212
      },
      "age_post": {
        "beta": 0.020100432168138796,
        "se": 0.013260708972718407,
        "stat": 1.515788651232142,
        "p": 0.12957280261509677,
        "ci95_low": -0.005890079827856422,
        "ci95_high": 0.046090944164134014
      },
      "COI_z": {
        "beta": 0.09398860953071786,
        "se": 0.019001903798405245,
        "stat": 4.946273306499212,
        "p": 7.564772993961529e-07,
        "ci95_low": 0.056745562448148726,
        "ci95_high": 0.131231656613287
      },
      "age_x_COI": {
        "beta": -0.0449586048193626,
        "se": 0.020768515120637925,
        "stat": -2.1647481564383333,
        "p": 0.03040697700919507,
        "ci95_low": -0.08566414646818846,
        "ci95_high": -0.004253063170536732
      },
      "log_cue_freq_z": {
        "beta": 0.06566488168802527,
        "se": 0.024445821364065735,
        "stat": 2.686139308231619,
        "p": 0.007228294446096691,
        "ci95_low": 0.01775195224195661,
        "ci95_high": 0.11357781113409393
      },
      "prior_local_freq_z": {
        "beta": 0.12433625743223736,
        "se": 0.012109346549222707,
        "stat": 10.267792479703907,
        "p": 9.843118539720891e-25,
        "ci95_low": 0.10060237431944646,
        "ci95_high": 0.14807014054502826
      },
      "age_x_log_cue_freq": {
        "beta": 0.09055615772960546,
        "se": 0.024610246466819915,
        "stat": 3.679611979981399,
        "p": 0.00023358910172721067,
        "ci95_low": 0.04232096100398431,
        "ci95_high": 0.1387913544552266
      },
      "COI_x_log_cue_freq": {
        "beta": 0.04507405055766812,
        "se": 0.006066688105205933,
        "stat": 7.429762297980882,
        "p": 1.0879300744596839e-13,
        "ci95_low": 0.033183560366026946,
        "ci95_high": 0.05696454074930929
      }
    }
  },
  "SPEC1_MixedLM_cue": {
    "n": 16155,
    "group_var": "cue_subtype",
    "random_intercept_sd": 0.05093778218675336,
    "params": {
      "Intercept": {
        "beta": 0.4677810559938473,
        "se": 0.019224185838141533,
        "stat": 24.332944964865636,
        "p": 8.786684515590794e-131
      },
      "age_post": {
        "beta": 0.02924969739092158,
        "se": 0.012741439492692002,
        "stat": 2.295635230830714,
        "p": 0.021696746606213173
      },
      "COI_z": {
        "beta": 0.08701920616696508,
        "se": 0.025005355037728733,
        "stat": 3.48002282053857,
        "p": 0.0005013710746077377
      },
      "age_x_COI": {
        "beta": -0.0443213961522669,
        "se": 0.02123300128484529,
        "stat": -2.0873825399285675,
        "p": 0.03685356897980269
      },
      "log_cue_freq_z": {
        "beta": 0.04854182667646179,
        "se": 0.025426928451591193,
        "stat": 1.909071587977198,
        "p": 0.056252857346541243
      },
      "prior_local_freq_z": {
        "beta": 0.11540522216920632,
        "se": 0.004940544667874137,
        "stat": 23.35880554215573,
        "p": 1.121562941203808e-120
      },
      "age_x_log_cue_freq": {
        "beta": 0.09008418297106001,
        "se": 0.02286285423638801,
        "stat": 3.9401984563976282,
        "p": 8.141422951027169e-05
      },
      "COI_x_log_cue_freq": {
        "beta": 0.034092253813136006,
        "se": 0.006350314727632682,
        "stat": 5.3685927824627955,
        "p": 7.935336471742302e-08
      }
    }
  },
  "SPEC1_MixedLM_child": {
    "n": 16155,
    "group_var": "child",
    "random_intercept_sd": 0.02459683744128078,
    "params": {
      "Intercept": {
        "beta": 0.47989421507388746,
        "se": 0.020403794732880082,
        "stat": 23.519851153008947,
        "p": 2.555496289447788e-122
      },
      "age_post": {
        "beta": 0.052519392578741324,
        "se": 0.016311136142297494,
        "stat": 3.2198488272407824,
        "p": 0.0012825821279081858
      },
      "COI_z": {
        "beta": 0.094161309786974,
        "se": 0.020408810387281675,
        "stat": 4.613757882020074,
        "p": 3.954530641990705e-06
      },
      "age_x_COI": {
        "beta": -0.04596391060523201,
        "se": 0.02113349764807736,
        "stat": -2.174931540942236,
        "p": 0.029635246902387058
      },
      "log_cue_freq_z": {
        "beta": 0.06580627759331913,
        "se": 0.02204116391602554,
        "stat": 2.985608103275941,
        "p": 0.002830150851007578
      },
      "prior_local_freq_z": {
        "beta": 0.1229522840474229,
        "se": 0.004617844950912862,
        "stat": 26.625468233427267,
        "p": 3.443298763271105e-156
      },
      "age_x_log_cue_freq": {
        "beta": 0.09179715239419445,
        "se": 0.022730318755372358,