{
  "language": "English-Manchester",
  "window": 5,
  "result": {
    "n_total": 83625,
    "n_cues": 111,
    "n_children": 11,
    "outcome": "next_5_reuse",
    "mlm": {
      "meta": {
        "n": 83625,
        "converged": true,
        "groups_variable": "child"
      },
      "params": {
        "Intercept": {
          "beta": 0.20175282721039642,
          "se": 0.009937027871992294,
          "z": 20.30313588825092,
          "p": 1.2063532244460018e-91
        },
        "logFreq_z": {
          "beta": 0.14149237425741643,
          "se": 0.006779148033391867,
          "z": 20.871704462046154,
          "p": 9.681939034460298e-97
        },
        "COI_z": {
          "beta": -0.0196428587002806,
          "se": 0.00903229153546787,
          "z": -2.1747370114380513,
          "p": 0.029649829668566264
        },
        "COI_x_logFreq": {
          "beta": 0.028387549236020222,
          "se": 0.003157904156122596,
          "z": 8.989363778182431,
          "p": 2.4866568889747116e-19
        },
        "R_between_z": {
          "beta": 0.010975386000652803,
          "se": 0.003636890625457864,
          "z": 3.017793805462891,
          "p": 0.0025462208753223767
        },
        "R_within_z": {
          "beta": 0.00879472947538713,
          "se": 0.006551342889917675,
          "z": 1.342431562988706,
          "p": 0.17945610647929677
        },
        "COI_x_R_between": {
          "beta": 0.001522436869568819,
          "se": 0.0014806337962110954,
          "z": 1.028233229218931,
          "p": 0.30384013107622543
        },
        "COI_x_R_within": {
          "beta": -0.010883333970384788,
          "se": 0.006402767325362296,
          "z": -1.699785954625325,
          "p": 0.089171194382804
        },
        "age_post": {
          "beta": 0.15660906447439307,
          "se": 0.006172361073429277,
          "z": 25.37263497894871,
          "p": 5.056984580617556e-142
        },
        "age_x_COI": {
          "beta": 0.05287219806284924,
          "se": 0.006208051777897489,
          "z": 8.516713448024063,
          "p": 1.6414497727588626e-17
        },
        "age_x_R_within": {
          "beta": -0.009958388818093833,
          "se": 0.006729940426616179,
          "z": -1.4797142599820783,
          "p": 0.13894951840425052
        },
        "age_x_COI_x_R_within": {
          "beta": 0.010469030803249029,
          "se": 0.006584439162363545,
          "z": 1.5899654541710542,
          "p": 0.1118425921732844
        }
      }
    },
    "ols_cluster_robust": {
      "params": {
        "const": {
          "beta": 0.2643106353196967,
          "se_cluster": 0.025436356480674223,
          "se_naive": 0.006045000819385095,
          "p_cluster": 2.723177072062762e-25,
          "p_naive": 0.0,
          "ci95_low_cluster": 0.2144562927196532,
          "ci95_high_cluster": 0.31416497791974013
        },
        "logFreq_z": {
          "beta": 0.21420829021684187,
          "se_cluster": 0.02006163531153896,
          "se_naive": 0.0018173734735416587,
          "p_cluster": 1.2970549740716127e-26,
          "p_naive": 0.0,
          "ci95_low_cluster": 0.17488820753524853,
          "ci95_high_cluster": 0.2535283728984352
        },
        "COI_z": {
          "beta": -0.04106796102375275,
          "se_cluster": 0.02449480123153743,
          "se_naive": 0.0061739921397255355,
          "p_cluster": 0.09362090828908613,
          "p_naive": 2.913695096614892e-11,
          "ci95_low_cluster": -0.08907688924603348,
          "ci95_high_cluster": 0.006940967198527978
        },
        "COI_x_logFreq": {
          "beta": 0.04017563572005265,
          "se_cluster": 0.008253995125709498,
          "se_naive": 0.0013651126258452228,
          "p_cluster": 1.1306632511502976e-06,
          "p_naive": 2.1001650767064057e-189,
          "ci95_low_cluster": 0.023998102545092877,
          "ci95_high_cluster": 0.05635316889501242
        },
        "R_between_z": {
          "beta": 0.02587836836181831,
          "se_cluster": 0.01799398555611127,
          "se_naive": 0.0016838351504742232,
          "p_cluster": 0.15038648470292731,
          "p_naive": 3.139381651053488e-53,
          "ci95_low_cluster": -0.009389195266493712,
          "ci95_high_cluster": 0.06114593199013033
        },
        "R_within_z": {
          "beta": 0.01463805235509942,
          "se_cluster": 0.01029652968629687,
          "se_naive": 0.006732174419168039,
          "p_cluster": 0.15512813789107122,
          "p_naive": 0.02968222409166313,
          "ci95_low_cluster": -0.005542774995789947,
          "ci95_high_cluster": 0.03481887970598879
        },
        "COI_x_R_between": {
          "beta": 0.004950667378014343,
          "se_cluster": 0.007164860778933678,
          "se_naive": 0.0009442699314997643,
          "p_cluster": 0.48958759335815305,
          "p_naive": 1.5849667299082023e-07,
          "ci95_low_cluster": -0.009092201702939265,
          "ci95_high_cluster": 0.018993536458967952
        },
        "COI_x_R_within": {
          "beta": -0.00977082469324866,
          "se_cluster": 0.00929713022346058,
          "se_naive": 0.0065363283992775694,
          "p_cluster": 0.2932812736688961,
          "p_naive": 0.13495759992102657,
          "ci95_low_cluster": -0.027992865090810223,
          "ci95_high_cluster": 0.008451215704312901
        },
        "age_post": {
          "beta": 0.1562440259132732,
          "se_cluster": 0.032722883826439904,
          "se_naive": 0.006220205408590297,
          "p_cluster": 1.799187134542275e-06,
          "p_naive": 1.0172423405543869e-138,
          "ci95_low_cluster": 0.09210835214316275,
          "ci95_high_cluster": 0.2203796996833836
        },
        "age_x_COI": {
          "beta": 0.05720550338561648,
          "se_cluster": 0.022052922475075693,
          "se_naive": 0.006222121582415563,
          "p_cluster": 0.009486370322357992,
          "p_naive": 3.8725510497494146e-20,
          "ci95_low_cluster": 0.013982569580614217,
          "ci95_high_cluster": 0.10042843719061875
        },
        "age_x_R_within": {
          "beta": -0.012101831570842565,
          "se_cluster": 0.010285686368045477,
          "se_naive": 0.006918026677497235,
          "p_cluster": 0.23936711709127412,
          "p_naive": 0.08023966058214956,
          "ci95_low_cluster": -0.03226140640848629,
          "ci95_high_cluster": 0.008057743266801164
        },
        "age_x_COI_x_R_within": {
          "beta": 0.00985737778008338,
          "se_cluster": 0.009783589720068327,
          "se_naive": 0.006729572002189848,
          "p_cluster": 0.31367437393393605,
          "p_naive": 0.14298327834043448,
          "ci95_low_cluster": -0.009318105710766848,
          "ci95_high_cluster": 0.02903286127093361
        }
      },
      "r2": 0.18523953958705464
    }
  }
}