{
  "n_rows": 312717,
  "n_cues": 137,
  "n_files": 826,
  "n_children": 43,
  "outcome_col": "next_5_reuse",
  "outcome_mean": 0.3981651141447379,
  "prior_window": 20,
  "contingent_only": true,
  "BASELINE_OLS_cluster": {
    "n": 312717,
    "r2": 0.02416771239107074,
    "params": {
      "const": {
        "beta": 0.30792807318721366,
        "se": 0.05121832860908712,
        "stat": 6.0120679754587165,
        "p": 1.8317148000035225e-09,
        "ci95_low": 0.20754199376506544,
        "ci95_high": 0.4083141526093619
      },
      "age_post": {
        "beta": 0.09287535815496309,
        "se": 0.031342889802979945,
        "stat": 2.963203416748538,
        "p": 0.003044552985770788,
        "ci95_low": 0.03144442296971468,
        "ci95_high": 0.1543062933402115
      },
      "COI_z": {
        "beta": 0.029320756836799158,
        "se": 0.03058496834704443,
        "stat": 0.9586655936373583,
        "p": 0.3377272367022278,
        "ci95_low": -0.030624679591705468,
        "ci95_high": 0.08926619326530379
      },
      "age_x_COI": {
        "beta": 0.04617532179216175,
        "se": 0.0185066065610502,
        "stat": 2.4950723213268238,
        "p": 0.012593146050152226,
        "ci95_low": 0.009903039456450692,
        "ci95_high": 0.0824476041278728
      }
    }
  },
  "BASELINE_MixedLM_cue": {
    "n": 312717,
    "group_var": "cue_subtype",
    "random_intercept_sd": 0.10633779431452414,
    "params": {
      "Intercept": {
        "beta": 0.05989236890458499,
        "se": 0.01325312638668006,
        "stat": 4.519112483887523,
        "p": 6.209939758568403e-06
      },
      "age_post": {
        "beta": 0.08437530064121465,
        "se": 0.004623254483964434,
        "stat": 18.250196032657705,
        "p": 2.061681529024687e-74
      },
      "COI_z": {
        "beta": -0.0078846079248656,
        "se": 0.007459216376765687,
        "stat": -1.0570289862384128,
        "p": 0.2904983587156922
      },
      "age_x_COI": {
        "beta": 0.03117217882938152,
        "se": 0.004594234602925322,
        "stat": 6.785064656805515,
        "p": 1.1603453334797725e-11
      }
    }
  },
  "BASELINE_MixedLM_child": {
    "n": 312717,
    "group_var": "child",
    "random_intercept_sd": 0.06235996410330083,
    "params": {
      "Intercept": {
        "beta": 0.30407674708355087,
        "se": 0.012283210916141377,
        "stat": 24.75547714351818,
        "p": 2.7066182465663943e-135
      },
      "age_post": {
        "beta": 0.1313695565756401,
        "se": 0.00605200133759359,
        "stat": 21.706795694112575,
        "p": 1.769739081645433e-104
      },
      "COI_z": {
        "beta": 0.02995813936518205,
        "se": 0.005127772229556016,
        "stat": 5.842330357909823,
        "p": 5.147559603567165e-09
      },
      "age_x_COI": {
        "beta": 0.04553670971610049,
        "se": 0.005201926030252431,
        "stat": 8.7538172306327,
        "p": 2.0625502390347908e-18
      }
    }
  },
  "SPEC1_OLS_cluster": {
    "n": 312717,
    "r2": 0.26710456542236194,
    "params": {
      "const": {
        "beta": 0.3465256829184945,
        "se": 0.012261518913435627,
        "stat": 28.26123625995366,
        "p": 1.0357472895949478e-175,
        "ci95_low": 0.322493547452404,
        "ci95_high": 0.370557818384585
      },
      "age_post": {
        "beta": 0.045877918874822746,
        "se": 0.010484068240598894,
        "stat": 4.375965304876917,
        "p": 1.2089624484005e-05,
        "ci95_low": 0.025329522711788705,
        "ci95_high": 0.06642631503785679
      },
      "COI_z": {
        "beta": 0.005912701853363453,
        "se": 0.01554787995271077,
        "stat": 0.3802899090645844,
        "p": 0.7037302252601876,
        "ci95_low": -0.024560582889901976,
        "ci95_high": 0.03638598659662888
      },
      "age_x_COI": {
        "beta": 0.008474010714369738,
        "se": 0.00973806300893644,
        "stat": 0.8701946892922438,
        "p": 0.3841940176884643,
        "ci95_low": -0.010612242062327436,
        "ci95_high": 0.02756026349106691
      },
      "log_cue_freq_z": {
        "beta": 0.09697053516658266,
        "se": 0.013446009613470542,
        "stat": 7.211844848707768,
        "p": 5.519884829740113e-13,
        "ci95_low": 0.07061684058840106,
        "ci95_high": 0.12332422974476426
      },
      "prior_local_freq_z": {
        "beta": 0.1597108314018509,
        "se": 0.020123420993890796,
        "stat": 7.936564635324034,
        "p": 2.0785806967506648e-15,
        "ci95_low": 0.12026965100808773,
        "ci95_high": 0.1991520117956141
      },
      "age_x_log_cue_freq": {
        "beta": 0.021103026148168568,
        "se": 0.01089298238546167,
        "stat": 1.9373047161385062,
        "p": 0.05270810611369844,
        "ci95_low": -0.0002468270115655105,
        "ci95_high": 0.04245287930790265
      },
      "COI_x_log_cue_freq": {
        "beta": 0.0211031531819836,
        "se": 0.007686185415141217,
        "stat": 2.7455951219198993,
        "p": 0.006040125457448932,
        "ci95_low": 0.006038506589809771,
        "ci95_high": 0.03616779977415743
      }
    }
  },
  "SPEC1_MixedLM_cue": {
    "n": 312717,
    "group_var": "cue_subtype",
    "random_intercept_sd": 0.058768859177706224,
    "params": {
      "Intercept": {
        "beta": 0.2745725007211163,
        "se": 0.01344454824676176,
        "stat": 20.422590308101245,
        "p": 1.0532858887216159e-92
      },
      "age_post": {
        "beta": 0.05407254947570754,
        "se": 0.004515017773942322,
        "stat": 11.976154288423473,
        "p": 4.737970276119522e-33
      },
      "COI_z": {
        "beta": 0.007073241379824702,
        "se": 0.010045902099098234,
        "stat": 0.7040922069566683,
        "p": 0.48137535297184897
      },
      "age_x_COI": {
        "beta": 0.010697152259370181,
        "se": 0.004631506096723203,
        "stat": 2.3096487483711683,
        "p": 0.0209076084060511
      },
      "log_cue_freq_z": {
        "beta": 0.04743926262610783,
        "se": 0.009093327621817764,
        "stat": 5.216930984899967,
        "p": 1.8191200000418598e-07
      },
      "prior_local_freq_z": {
        "beta": 0.13377471853312656,
        "se": 0.0010457464879248877,
        "stat": 127.9227040949289,
        "p": 0.0
      },
      "age_x_log_cue_freq": {
        "beta": 0.025853936821456095,
        "se": 0.004785050427925587,
        "stat": 5.403064651225479,
        "p": 6.551183376250106e-08
      },
      "COI_x_log_cue_freq": {
        "beta": 0.012540445691381028,
        "se": 0.003384935636773263,
        "stat": 3.7047811353173565,
        "p": 0.00021157333499075852
      }
    }
  },
  "SPEC1_MixedLM_child": {
    "n": 312717,
    "group_var": "child",
    "random_intercept_sd": 0.031076691235280434,
    "params": {
      "Intercept": {
        "beta": 0.34073425486341674,
        "se": 0.007545604076585891,
        "stat": 45.15665696278971,
        "p": 0.0
      },
      "age_post": {
        "beta": 0.07160642713839979,
        "se": 0.005224360274308263,
        "stat": 13.70625748965617,
        "p": 9.313956317016537e-43
      },
      "COI_z": {
        "beta": 0.005955866831979585,
        "se": 0.004628291381306961,
        "stat": 1.2868392115575351,
        "p": 0.1981503366226529
      },
      "age_x_COI": {
        "beta": 0.008724611925460602,
        "se": 0.00467473753110414,
        "stat": 1.8663319314528255,
        "p": 0.06199493997004237
      },
      "log_cue_freq_z": {
        "beta": 0.09787964649830037,
        "se": 0.004763518705628393,
        "stat": 20.547761549177817,
        "p": 8.059474986855088e-94
      },
      "prior_local_freq_z": {
        "beta": 0.1584388156011545,
        "se": 0.0009643514807110649,
        "stat": 164.29571455039357,
        "p": 0.0
      },
      "age_x_log_cue_freq": {
        "beta": 0.020298014643103265,
        "se": 0.004827474850946771,
        "stat": 4.204685735260203,