{
  "language": "English-UK",
  "window": 5,
  "result": {
    "n_total": 312717,
    "n_cues": 137,
    "n_children": 43,
    "outcome": "next_5_reuse",
    "mlm": {
      "meta": {
        "n": 312717,
        "converged": true,
        "groups_variable": "child"
      },
      "params": {
        "Intercept": {
          "beta": 0.23439990258907883,
          "se": 0.007132010114196336,
          "z": 32.865895986673316,
          "p": 6.75279848838223e-237
        },
        "logFreq_z": {
          "beta": 0.15068009510779387,
          "se": 0.004224871715472005,
          "z": 35.66501074008582,
          "p": 1.3790766885138448e-278
        },
        "COI_z": {
          "beta": 0.0014145387348341776,
          "se": 0.006657371857085261,
          "z": 0.2124770502835473,
          "p": 0.8317348802491289
        },
        "COI_x_logFreq": {
          "beta": 0.028106594983071057,
          "se": 0.0022042452868874297,
          "z": 12.7511194649121,
          "p": 3.073004149851126e-37
        },
        "R_between_z": {
          "beta": 0.020575272104127466,
          "se": 0.002699404095347794,
          "z": 7.622153400295751,
          "p": 2.494783014362237e-14
        },
        "R_within_z": {
          "beta": 0.004583931094498213,
          "se": 0.005357331480183261,
          "z": 0.8556370109734946,
          "p": 0.39219859133403145
        },
        "COI_x_R_between": {
          "beta": 0.0034422187489362606,
          "se": 0.001219189959377618,
          "z": 2.8233654013140597,
          "p": 0.004752237546744662
        },
        "COI_x_R_within": {
          "beta": -0.004408808904331205,
          "se": 0.005150355763308281,
          "z": -0.8560202648019113,
          "p": 0.39198657044053364
        },
        "age_post": {
          "beta": 0.1286171859535663,
          "se": 0.005313002377290626,
          "z": 24.20800459328137,
          "p": 1.8322778452881198e-129
        },
        "age_x_COI": {
          "beta": 0.025429554349324812,
          "se": 0.00524604597224898,
          "z": 4.847375429770236,
          "p": 1.2510553878006416e-06
        },
        "age_x_R_within": {
          "beta": -0.0007305809924581749,
          "se": 0.005411983828214507,
          "z": -0.1349931957759017,
          "p": 0.8926172540721566
        },
        "age_x_COI_x_R_within": {
          "beta": 0.0029835813215660666,
          "se": 0.005206859280535848,
          "z": 0.5730097859028409,
          "p": 0.5666380680914189
        }
      }
    },
    "ols_cluster_robust": {
      "params": {
        "const": {
          "beta": 0.2934773106428245,
          "se_cluster": 0.019924366706049808,
          "se_naive": 0.0047201281969124235,
          "p_cluster": 4.1635998572882046e-49,
          "p_naive": 0.0,
          "ci95_low_cluster": 0.25442626948419794,
          "ci95_high_cluster": 0.33252835180145107
        },
        "logFreq_z": {
          "beta": 0.2194455718967088,
          "se_cluster": 0.02383649063649155,
          "se_naive": 0.0008654146709450239,
          "p_cluster": 3.376012192894421e-20,
          "p_naive": 0.0,
          "ci95_low_cluster": 0.17272690873135912,
          "ci95_high_cluster": 0.26616423506205844
        },
        "COI_z": {
          "beta": 0.0042029822958132915,
          "se_cluster": 0.018152899686595447,
          "se_naive": 0.004691491747015168,
          "p_cluster": 0.8169013089762193,
          "p_naive": 0.3703211136518762,
          "ci95_low_cluster": -0.03137604730488222,
          "ci95_high_cluster": 0.039782011896508804
        },
        "COI_x_logFreq": {
          "beta": 0.05415985686737847,
          "se_cluster": 0.009326499098813286,
          "se_naive": 0.0007263417589390128,
          "p_cluster": 6.356645627218914e-09,
          "p_naive": 0.0,
          "ci95_low_cluster": 0.035880254531859154,
          "ci95_high_cluster": 0.07243945920289778
        },
        "R_between_z": {
          "beta": 0.04491440617536447,
          "se_cluster": 0.019280373261403725,
          "se_naive": 0.0008061576200197175,
          "p_cluster": 0.01983046156727568,
          "p_naive": 0.0,
          "ci95_low_cluster": 0.007125568974524106,
          "ci95_high_cluster": 0.08270324337620483
        },
        "R_within_z": {
          "beta": 0.008042431615680185,
          "se_cluster": 0.007645361950923655,
          "se_naive": 0.005460360217487883,
          "p_cluster": 0.29282890495641056,
          "p_naive": 0.1407855749224096,
          "ci95_low_cluster": -0.006942202456903062,
          "ci95_high_cluster": 0.02302706568826343
        },
        "COI_x_R_between": {
          "beta": 0.005418464543668394,
          "se_cluster": 0.010194752928086939,
          "se_naive": 0.0006419776301229624,
          "p_cluster": 0.595075510566418,
          "p_naive": 3.1792835295014537e-17,
          "ci95_low_cluster": -0.014562884026666265,
          "ci95_high_cluster": 0.02539981311400305
        },
        "COI_x_R_within": {
          "beta": -0.006923238249522389,
          "se_cluster": 0.0062767533254490335,
          "se_naive": 0.005208290884572122,
          "p_cluster": 0.2700285951338133,
          "p_naive": 0.18375902771596175,
          "ci95_low_cluster": -0.019225448707244512,
          "ci95_high_cluster": 0.0053789722081997345
        },
        "age_post": {
          "beta": 0.08877687269837833,
          "se_cluster": 0.027680562320805,
          "se_naive": 0.004780798642189304,
          "p_cluster": 0.0013403759426560804,
          "p_naive": 6.24568413871986e-77,
          "ci95_low_cluster": 0.03452396747778408,
          "ci95_high_cluster": 0.1430297779189726
        },
        "age_x_COI": {
          "beta": 0.03185729530352157,
          "se_cluster": 0.01627502148992391,
          "se_naive": 0.004721625446852053,
          "p_cluster": 0.05029635689609802,
          "p_naive": 1.5108671853504057e-11,
          "ci95_low_cluster": -4.116066434470961e-05,
          "ci95_high_cluster": 0.06375575127138786
        },
        "age_x_R_within": {
          "beta": -0.005567391625074735,
          "se_cluster": 0.007246705467577534,
          "se_naive": 0.005516687946194069,
          "p_cluster": 0.4423296449730465,
          "p_naive": 0.3128838403321163,
          "ci95_low_cluster": -0.019770673348096193,
          "ci95_high_cluster": 0.008635890097946724
        },
        "age_x_COI_x_R_within": {
          "beta": 0.006609255275111371,
          "se_cluster": 0.005621283356995681,
          "se_naive": 0.005267723052992159,
          "p_cluster": 0.23969256139085737,
          "p_naive": 0.2095994361437716,
          "ci95_low_cluster": -0.004408257651494574,
          "ci95_high_cluster": 0.017626768201717317
        }
      },
      "r2": 0.20999288230242952
    }
  }
}