{
  "n_rows": 83625,
  "n_cues": 111,
  "n_files": 249,
  "n_children": 11,
  "outcome_col": "next_5_reuse",
  "outcome_mean": 0.4296083707025411,
  "prior_window": 20,
  "contingent_only": true,
  "BASELINE_OLS_cluster": {
    "n": 83625,
    "r2": 0.03781137191420936,
    "params": {
      "const": {
        "beta": 0.2899869352036907,
        "se": 0.04074757626696372,
        "stat": 7.1166670945972035,
        "p": 1.1056811150262296e-12,
        "ci95_low": 0.21012315326314274,
        "ci95_high": 0.3698507171442386
      },
      "age_post": {
        "beta": 0.15054465493604194,
        "se": 0.03315280112721609,
        "stat": 4.540933188672722,
        "p": 5.600577896297e-06,
        "ci95_low": 0.0855663587400795,
        "ci95_high": 0.21552295113200437
      },
      "COI_z": {
        "beta": 0.02761386878500368,
        "se": 0.029501732022664935,
        "stat": 0.9360083931271937,
        "p": 0.3492688663543212,
        "ci95_low": -0.030208463460971592,
        "ci95_high": 0.08543620103097896
      },
      "age_x_COI": {
        "beta": 0.06321635241626762,
        "se": 0.02038001161611454,
        "stat": 3.101880097373558,
        "p": 0.0019229582854110954,
        "ci95_low": 0.02327226364417518,
        "ci95_high": 0.10316044118836007
      }
    }
  },
  "BASELINE_MixedLM_cue": {
    "n": 83625,
    "group_var": "cue_subtype",
    "random_intercept_sd": 0.12360393114999066,
    "params": {
      "Intercept": {
        "beta": 0.04644352035223886,
        "se": 0.018025296222950925,
        "stat": 2.5765745970434644,
        "p": 0.00997846717259554
      },
      "age_post": {
        "beta": 0.14985980477492786,
        "se": 0.005827001407814078,
        "stat": 25.71816862339592,
        "p": 7.321605573927417e-146
      },
      "COI_z": {
        "beta": -0.03426813134310181,
        "se": 0.009853344347148638,
        "stat": -3.4778172908387526,
        "p": 0.000505514370193903
      },
      "age_x_COI": {
        "beta": 0.057941214475030756,
        "se": 0.005968344498581314,
        "stat": 9.708088145515642,
        "p": 2.78511990237349e-22
      }
    }
  },
  "BASELINE_MixedLM_child": {
    "n": 83625,
    "group_var": "child",
    "random_intercept_sd": 0.04271601080839746,
    "params": {
      "Intercept": {
        "beta": 0.29062014957162996,
        "se": 0.014457747494473136,
        "stat": 20.101343565636856,
        "p": 7.182259744655547e-90
      },
      "age_post": {
        "beta": 0.15492307338933983,
        "se": 0.00656477167039288,
        "stat": 23.599156401439352,
        "p": 3.9317518524813836e-123
      },
      "COI_z": {
        "beta": 0.02857467897906929,
        "se": 0.006340907934341357,
        "stat": 4.5064018079040915,
        "p": 6.593617620955816e-06
      },
      "age_x_COI": {
        "beta": 0.06282035453922194,
        "se": 0.006574362796241594,
        "stat": 9.555352584912843,
        "p": 1.2316381546255826e-21
      }
    }
  },
  "SPEC1_OLS_cluster": {
    "n": 83625,
    "r2": 0.2432993675867413,
    "params": {
      "const": {
        "beta": 0.34105322626652357,
        "se": 0.012230388628939722,
        "stat": 27.88572273652192,
        "p": 3.9752855214873805e-171,
        "ci95_low": 0.3170821050368735,
        "ci95_high": 0.36502434749617363
      },
      "age_post": {
        "beta": 0.0869271244878814,
        "se": 0.013716770085508171,
        "stat": 6.337288147719287,
        "p": 2.3384441595778076e-10,
        "ci95_low": 0.06004274913606898,
        "ci95_high": 0.11381149983969381
      },
      "COI_z": {
        "beta": -0.014151177539223615,
        "se": 0.017443316481963532,
        "stat": -0.8112664557715269,
        "p": 0.41721266915395794,
        "ci95_low": -0.04833944961480606,
        "ci95_high": 0.020037094536358827
      },
      "age_x_COI": {
        "beta": 0.012385286030570822,
        "se": 0.012339126216303823,
        "stat": 1.0037409305535758,
        "p": 0.31550350277633565,
        "ci95_low": -0.01179895695407866,
        "ci95_high": 0.0365695290152203
      },
      "log_cue_freq_z": {
        "beta": 0.09223302565661114,
        "se": 0.014688844519741184,
        "stat": 6.279120562046515,
        "p": 3.404934893918819e-10,
        "ci95_low": 0.06344341942340986,
        "ci95_high": 0.12102263188981241
      },
      "prior_local_freq_z": {
        "beta": 0.15299256253267007,
        "se": 0.020709537710139166,
        "stat": 7.387541174217837,
        "p": 1.4956882435020146e-13,
        "ci95_low": 0.1124026144843232,
        "ci95_high": 0.19358251058101694
      },
      "age_x_log_cue_freq": {
        "beta": 0.031060873430768122,
        "se": 0.013569945999113207,
        "stat": 2.288945986431924,
        "p": 0.022082490886770206,
        "ci95_low": 0.004464268000352836,
        "ci95_high": 0.05765747886118341
      },
      "COI_x_log_cue_freq": {
        "beta": 0.015509604581427852,
        "se": 0.007470883479851986,
        "stat": 2.0760067565309064,
        "p": 0.03789332610202118,
        "ci95_low": 0.0008669420282226888,
        "ci95_high": 0.030152267134633016
      }
    }
  },
  "SPEC1_MixedLM_cue": {
    "n": 83625,
    "group_var": "cue_subtype",
    "random_intercept_sd": 0.07324212401716557,
    "params": {
      "Intercept": {
        "beta": 0.27258713881721075,
        "se": 0.017921387324375013,
        "stat": 15.210158336707725,
        "p": 3.0280986690802135e-52
      },
      "age_post": {
        "beta": 0.09670231137615015,
        "se": 0.0057383115611650305,
        "stat": 16.852049657010433,
        "p": 1.0134067098817103e-63
      },
      "COI_z": {
        "beta": 0.01789304591518732,
        "se": 0.013863167074767644,
        "stat": 1.2906896251545912,
        "p": 0.1968113236393212
      },
      "age_x_COI": {
        "beta": 0.013642225741643949,
        "se": 0.006616006813436958,
        "stat": 2.0620029764686607,
        "p": 0.039207452597927336
      },
      "log_cue_freq_z": {
        "beta": 0.05285354661734124,
        "se": 0.014120184934231578,
        "stat": 3.743119999031198,
        "p": 0.0001817493775515877
      },
      "prior_local_freq_z": {
        "beta": 0.13060781679643638,
        "se": 0.0020192612768451276,
        "stat": 64.68098917862508,
        "p": 0.0
      },
      "age_x_log_cue_freq": {
        "beta": 0.03865639982553458,
        "se": 0.006730587273196383,
        "stat": 5.743391810619299,
        "p": 9.279866339460788e-09
      },
      "COI_x_log_cue_freq": {
        "beta": 0.02182358072965879,
        "se": 0.0047598675449831655,
        "stat": 4.5849134505140885,
        "p": 4.541745288849305e-06
      }
    }
  },
  "SPEC1_MixedLM_child": {
    "n": 83625,
    "group_var": "child",
    "random_intercept_sd": 0.016383858346026438,
    "params": {
      "Intercept": {
        "beta": 0.3421698067470746,
        "se": 0.007701597206900586,
        "stat": 44.42842147606635,
        "p": 0.0
      },
      "age_post": {
        "beta": 0.08871618767807354,
        "se": 0.005887648936284723,
        "stat": 15.068185728827784,
        "p": 2.62215200405397e-51
      },
      "COI_z": {
        "beta": -0.013516955321072978,
        "se": 0.006474315844083993,
        "stat": -2.0877812647068037,
        "p": 0.036817570346634534
      },
      "age_x_COI": {
        "beta": 0.01238361750930762,
        "se": 0.006661799266241295,
        "stat": 1.8588998278680762,
        "p": 0.06304133851586972
      },
      "log_cue_freq_z": {
        "beta": 0.09261798287626384,
        "se": 0.006502728462031403,
        "stat": 14.24294177698613,
        "p": 4.959456069012847e-46
      },
      "prior_local_freq_z": {
        "beta": 0.1506624439202283,
        "se": 0.0019232024389776788,
        "stat": 78.33935776429041,
        "p": 0.0
      },
      "age_x_log_cue_freq": {
        "beta": 0.03150822756619837,
        "se": 0.006767084438359122,
        "stat": 4.656100844197308,