{
  "language": "English-Manchester",
  "window": 10,
  "result": {
    "n_total": 83625,
    "n_cues": 111,
    "n_children": 11,
    "outcome": "next_10_reuse",
    "mlm": {
      "meta": {
        "n": 83625,
        "converged": true,
        "groups_variable": "child"
      },
      "params": {
        "Intercept": {
          "beta": 0.29880780830436743,
          "se": 0.01105908181952145,
          "z": 27.01922394469611,
          "p": 8.786914186937807e-161
        },
        "logFreq_z": {
          "beta": 0.1769757612469685,
          "se": 0.007815593480985318,
          "z": 22.643931222566227,
          "p": 1.6010838596742233e-113
        },
        "COI_z": {
          "beta": -0.011944195457844718,
          "se": 0.009648407386604486,
          "z": -1.2379447694577683,
          "p": 0.21573654058364888
        },
        "COI_x_logFreq": {
          "beta": 0.03337000236105869,
          "se": 0.0034664664418615283,
          "z": 9.626518219844256,
          "p": 6.1787641782238465e-22
        },
        "R_between_z": {
          "beta": 0.010639521622659095,
          "se": 0.004084215226525273,
          "z": 2.605034512765107,
          "p": 0.009186500586162888
        },
        "R_within_z": {
          "beta": 0.004707357940787397,
          "se": 0.006285685869848055,
          "z": 0.7489012397784984,
          "p": 0.45391673302527824
        },
        "COI_x_R_between": {
          "beta": 0.001388806597155043,
          "se": 0.001591762364644991,
          "z": 0.8724961891310874,
          "p": 0.3829377462335043
        },
        "COI_x_R_within": {
          "beta": -0.0025201518820830472,
          "se": 0.006153558459558003,
          "z": -0.40954382714421544,
          "p": 0.6821406105050227
        },
        "age_post": {
          "beta": 0.15490613281941476,
          "se": 0.0059257156131504165,
          "z": 26.141337676692633,
          "p": 1.2364309095751286e-150
        },
        "age_x_COI": {
          "beta": 0.052553498576825605,
          "se": 0.005972245473348222,
          "z": 8.799621316865014,
          "p": 1.3727859596338806e-18
        },
        "age_x_R_within": {
          "beta": -0.008355272221278678,
          "se": 0.00645688726230854,
          "z": -1.2940093084870443,
          "p": 0.19566220553833447
        },
        "age_x_COI_x_R_within": {
          "beta": 0.00024602513016009795,
          "se": 0.006327310639754952,
          "z": 0.038883049081596247,
          "p": 0.9689836312217976
        }
      }
    },
    "ols_cluster_robust": {
      "params": {
        "const": {
          "beta": 0.3884426061081013,
          "se_cluster": 0.02672238511017024,
          "se_naive": 0.005867756529006919,
          "p_cluster": 7.14241435825155e-48,
          "p_naive": 0.0,
          "ci95_low_cluster": 0.3360676937111582,
          "ci95_high_cluster": 0.44081751850504436
        },
        "logFreq_z": {
          "beta": 0.250386513099761,
          "se_cluster": 0.01546963990264252,
          "se_naive": 0.0017640866202732453,
          "p_cluster": 6.365143877552405e-59,
          "p_naive": 0.0,
          "ci95_low_cluster": 0.22006657603677796,
          "ci95_high_cluster": 0.28070645016274404
        },
        "COI_z": {
          "beta": -0.04808116038774854,
          "se_cluster": 0.02811625046448307,
          "se_naive": 0.005992965719994231,
          "p_cluster": 0.08725027310966271,
          "p_naive": 1.0457625748339043e-15,
          "ci95_low_cluster": -0.10318799867844292,
          "ci95_high_cluster": 0.007025677902945844
        },
        "COI_x_logFreq": {
          "beta": 0.03718487818170498,
          "se_cluster": 0.009313584378710596,
          "se_naive": 0.0013250864247108388,
          "p_cluster": 6.536870935698906e-05,
          "p_naive": 1.79702602096717e-172,
          "ci95_low_cluster": 0.01893058823245736,
          "ci95_high_cluster": 0.05543916813095261
        },
        "R_between_z": {
          "beta": 0.02846294537031079,
          "se_cluster": 0.0200427910165067,
          "se_naive": 0.001634463748339328,
          "p_cluster": 0.15557598737864775,
          "p_naive": 8.47954957391807e-68,
          "ci95_low_cluster": -0.010820203171705279,
          "ci95_high_cluster": 0.06774609391232686
        },
        "R_within_z": {
          "beta": 0.011648715963458688,
          "se_cluster": 0.01019380990818612,
          "se_naive": 0.006534781645654913,
          "p_cluster": 0.25315300922895867,
          "p_naive": 0.07465969879281989,
          "ci95_low_cluster": -0.008330784321833661,
          "ci95_high_cluster": 0.031628216248751034
        },
        "COI_x_R_between": {
          "beta": 0.004858124097157442,
          "se_cluster": 0.007962953057324031,
          "se_naive": 0.0009165831769508792,
          "p_cluster": 0.5418016859295822,
          "p_naive": 1.159337153354813e-07,
          "ci95_low_cluster": -0.010748977105780771,
          "ci95_high_cluster": 0.020465225300095653
        },
        "COI_x_R_within": {
          "beta": -0.000966908333335007,
          "se_cluster": 0.01061823538927424,
          "se_naive": 0.00634467798872783,
          "p_cluster": 0.9274440314996918,
          "p_naive": 0.8788743844892855,
          "ci95_low_cluster": -0.02177826727568116,
          "ci95_high_cluster": 0.019844450609011143
        },
        "age_post": {
          "beta": 0.14768681221985583,
          "se_cluster": 0.026121493431556113,
          "se_naive": 0.006037823978613216,
          "p_cluster": 1.5689990751808392e-08,
          "p_naive": 1.1394027946781887e-131,
          "ci95_low_cluster": 0.09648962587160625,
          "ci95_high_cluster": 0.1988839985681054
        },
        "age_x_COI": {
          "beta": 0.05716916348050394,
          "se_cluster": 0.022165916662174087,
          "se_naive": 0.006039683968679366,
          "p_cluster": 0.009904455116202996,
          "p_naive": 2.991580520618363e-21,
          "ci95_low_cluster": 0.01372476513832644,
          "ci95_high_cluster": 0.10061356182268144
        },
        "age_x_R_within": {
          "beta": -0.01121098145158541,
          "se_cluster": 0.011238334035787292,
          "se_naive": 0.0067151845661548885,
          "p_cluster": 0.31848978921980764,
          "p_naive": 0.09502263948547231,
          "ci95_low_cluster": -0.033237711407959177,
          "ci95_high_cluster": 0.010815748504788357
        },
        "age_x_COI_x_R_within": {
          "beta": -0.0012984201540875446,
          "se_cluster": 0.011908203498725222,
          "se_naive": 0.006532255533637523,
          "p_cluster": 0.9131741180168096,
          "p_naive": 0.8424427018345629,
          "ci95_low_cluster": -0.02463807013216284,
          "ci95_high_cluster": 0.022041229823987755
        }
      },
      "r2": 0.2415930146905806
    }
  }
}