{
  "language": "English",
  "window": 5,
  "result": {
    "n_total": 16155,
    "n_cues": 99,
    "n_children": 3,
    "outcome": "next_5_reuse",
    "mlm": {
      "meta": {
        "n": 16155,
        "converged": true,
        "groups_variable": "child"
      },
      "params": {
        "Intercept": {
          "beta": 0.3837227639496646,
          "se": 0.02085822240146919,
          "z": 18.396714569628728,
          "p": 1.395749887203606e-75
        },
        "logFreq_z": {
          "beta": 0.17493812413989646,
          "se": 0.013762830976435603,
          "z": 12.71091132626866,
          "p": 5.143154095144646e-37
        },
        "COI_z": {
          "beta": 0.021752792242723043,
          "se": 0.02057401869810037,
          "z": 1.0572942778909553,
          "p": 0.29037730394591454
        },
        "COI_x_logFreq": {
          "beta": 0.047287772506293846,
          "se": 0.006512653907026312,
          "z": 7.26090671811632,
          "p": 3.845040543830333e-13
        },
        "R_between_z": {
          "beta": 0.008131997764467722,
          "se": 0.007047195152729904,
          "z": 1.1539339536123947,
          "p": 0.24852724759008582
        },
        "R_within_z": {
          "beta": 0.009198601410953263,
          "se": 0.012586220664815566,
          "z": 0.73084698385018,
          "p": 0.46487262172333954
        },
        "COI_x_R_between": {
          "beta": 0.0005712971395724569,
          "se": 0.003910463017332229,
          "z": 0.14609450007334518,
          "p": 0.8838467881399539
        },
        "COI_x_R_within": {
          "beta": -0.01059270974533426,
          "se": 0.012493957581763724,
          "z": -0.8478266134659733,
          "p": 0.396534539324892
        },
        "age_post": {
          "beta": 0.08437788644434505,
          "se": 0.01621906465658167,
          "z": 5.202389177855866,
          "p": 1.9674268255910587e-07
        },
        "age_x_COI": {
          "beta": 0.0474107299058095,
          "se": 0.01553385485150008,
          "z": 3.0520904411071617,
          "p": 0.002272536177012084
        },
        "age_x_R_within": {
          "beta": -0.01831652686430322,
          "se": 0.013055864165060013,
          "z": -1.4029348523188334,
          "p": 0.16063626677438203
        },
        "age_x_COI_x_R_within": {
          "beta": 0.00996534159591416,
          "se": 0.012952953961448311,
          "z": 0.7693489551166369,
          "p": 0.4416861824696815
        }
      }
    },
    "ols_cluster_robust": {
      "params": {
        "const": {
          "beta": 0.44694881666871056,
          "se_cluster": 0.03444380698842661,
          "se_naive": 0.012925276877893705,
          "p_cluster": 1.6701848352674715e-38,
          "p_naive": 7.82675453805237e-253,
          "ci95_low_cluster": 0.3794401954809454,
          "ci95_high_cluster": 0.5144574378564757
        },
        "logFreq_z": {
          "beta": 0.24180600682226622,
          "se_cluster": 0.018637304142897167,
          "se_naive": 0.005383881442260393,
          "p_cluster": 1.7114901015895366e-38,
          "p_naive": 0.0,
          "ci95_low_cluster": 0.20527756193326863,
          "ci95_high_cluster": 0.2783344517112638
        },
        "COI_z": {
          "beta": 0.026899402001019784,
          "se_cluster": 0.03099282263251522,
          "se_naive": 0.013240628960470829,
          "p_cluster": 0.3854361618049741,
          "p_naive": 0.042212500246939746,
          "ci95_low_cluster": -0.033845414137947914,
          "ci95_high_cluster": 0.08764421813998749
        },
        "COI_x_logFreq": {
          "beta": 0.07296566990921129,
          "se_cluster": 0.00809428539510715,
          "se_naive": 0.0031717542993690544,
          "p_cluster": 1.9782980257686032e-19,
          "p_naive": 2.9559182924257313e-115,
          "ci95_low_cluster": 0.057101162054212715,
          "ci95_high_cluster": 0.08883017776420986
        },
        "R_between_z": {
          "beta": -0.002440377545062264,
          "se_cluster": 0.01054728730606274,
          "se_naive": 0.003786043901258798,
          "p_cluster": 0.8170235631032754,
          "p_naive": 0.5192138027470535,
          "ci95_low_cluster": -0.023112680799541725,
          "ci95_high_cluster": 0.018231925709417198
        },
        "R_within_z": {
          "beta": 0.009468136163909508,
          "se_cluster": 0.014838651457073113,
          "se_naive": 0.012738714090201235,
          "p_cluster": 0.523426454762898,
          "p_naive": 0.45733702324006764,
          "ci95_low_cluster": -0.019615086271096593,
          "ci95_high_cluster": 0.038551358598915605
        },
        "COI_x_R_between": {
          "beta": -0.009099180716480706,
          "se_cluster": 0.0058187718174373,
          "se_naive": 0.002722964309141911,
          "p_cluster": 0.11787321049720163,
          "p_naive": 0.0008347246152969354,
          "ci95_low_cluster": -0.02050376391291449,
          "ci95_high_cluster": 0.0023054024799530753
        },
        "COI_x_R_within": {
          "beta": -0.01072594635512317,
          "se_cluster": 0.012546327126042284,
          "se_naive": 0.012623495713001188,
          "p_cluster": 0.39260248190064617,
          "p_naive": 0.3955149819729706,
          "ci95_low_cluster": -0.03531629566042397,
          "ci95_high_cluster": 0.013864402950177629
        },
        "age_post": {
          "beta": 0.059057837887927726,
          "se_cluster": 0.041516642466124375,
          "se_naive": 0.013149712634411765,
          "p_cluster": 0.15487825886805653,
          "p_naive": 7.131787356414655e-06,
          "ci95_low_cluster": -0.022313286104702214,
          "ci95_high_cluster": 0.14042896188055767
        },
        "age_x_COI": {
          "beta": 0.04019849353406722,
          "se_cluster": 0.03340082912673233,
          "se_naive": 0.013006706049073788,
          "p_cluster": 0.22877599417327565,
          "p_naive": 0.002000940715995811,
          "ci95_low_cluster": -0.025265928608104574,
          "ci95_high_cluster": 0.10566291567623902
        },
        "age_x_R_within": {
          "beta": -0.01566665384019524,
          "se_cluster": 0.013657243880321393,
          "se_naive": 0.013208773852735447,
          "p_cluster": 0.25132730160123606,
          "p_naive": 0.2356084232125948,
          "ci95_low_cluster": -0.042434359973705225,
          "ci95_high_cluster": 0.011101052293314748
        },
        "age_x_COI_x_R_within": {
          "beta": 0.011443387756728277,
          "se_cluster": 0.011523658861538258,
          "se_naive": 0.013085112399389195,
          "p_cluster": 0.32069327127214875,
          "p_naive": 0.3818400209021547,
          "ci95_low_cluster": -0.011142568582012551,
          "ci95_high_cluster": 0.03402934409546911
        }
      },
      "r2": 0.2629355141437735
    }
  }
}