{
  "language": "English-UK",
  "window": 10,
  "result": {
    "n_total": 312717,
    "n_cues": 137,
    "n_children": 43,
    "outcome": "next_10_reuse",
    "mlm": {
      "meta": {
        "n": 312717,
        "converged": true,
        "groups_variable": "child"
      },
      "params": {
        "Intercept": {
          "beta": 0.33347723428930043,
          "se": 0.007738531988449972,
          "z": 43.0930872660379,
          "p": 0.0
        },
        "logFreq_z": {
          "beta": 0.188313446459363,
          "se": 0.004793870440874194,
          "z": 39.282130959096754,
          "p": 0.0
        },
        "COI_z": {
          "beta": 0.008705508019094074,
          "se": 0.007077678357833051,
          "z": 1.2299948625751638,
          "p": 0.21869902867323743
        },
        "COI_x_logFreq": {
          "beta": 0.03192861791792436,
          "se": 0.002438085998543773,
          "z": 13.095771821418433,
          "p": 3.4811746498194544e-39
        },
        "R_between_z": {
          "beta": 0.02420787630825634,
          "se": 0.0030178554593359025,
          "z": 8.02154928705016,
          "p": 1.0441966747925981e-15
        },
        "R_within_z": {
          "beta": 0.007047261181536463,
          "se": 0.005219557032465427,
          "z": 1.3501646093150803,
          "p": 0.17696318756208684
        },
        "COI_x_R_between": {
          "beta": 0.004194497741515271,
          "se": 0.0012995798735400505,
          "z": 3.2275797947604987,
          "p": 0.0012484221625200674
        },
        "COI_x_R_within": {
          "beta": 0.0008516711423205094,
          "se": 0.005028561450018144,
          "z": 0.16936675643437474,
          "p": 0.865508170244959
        },
        "age_post": {
          "beta": 0.13226018409713844,
          "se": 0.005208138676028152,
          "z": 25.39490446095478,
          "p": 2.8708620780765347e-142
        },
        "age_x_COI": {
          "beta": 0.022124722793109983,
          "se": 0.005163486226365644,
          "z": 4.2848420278798,
          "p": 1.8286907891507505e-05
        },
        "age_x_R_within": {
          "beta": -0.005273007936121039,
          "se": 0.0052725864144719985,
          "z": -1.0000799458967393,
          "p": 0.31727182027632006
        },
        "age_x_COI_x_R_within": {
          "beta": -0.002012854636765667,
          "se": 0.0050832023032176855,
          "z": -0.39598161094071005,
          "p": 0.6921185941343172
        }
      }
    },
    "ols_cluster_robust": {
      "params": {
        "const": {
          "beta": 0.4103558983908958,
          "se_cluster": 0.02324845806433351,
          "se_naive": 0.004609883590521746,
          "p_cluster": 1.0017111457847879e-69,
          "p_naive": 0.0,
          "ci95_low_cluster": 0.3647897578887124,
          "ci95_high_cluster": 0.45592203889307925
        },
        "logFreq_z": {
          "beta": 0.2609504478392527,
          "se_cluster": 0.016210784942767526,
          "se_naive": 0.0008452018089669402,
          "p_cluster": 2.6632806360782355e-58,
          "p_naive": 0.0,
          "ci95_low_cluster": 0.22917789319030415,
          "ci95_high_cluster": 0.29272300248820127
        },
        "COI_z": {
          "beta": -0.0003655947771199139,
          "se_cluster": 0.021117568228868625,
          "se_naive": 0.004581915981388056,
          "p_cluster": 0.9861874315129887,
          "p_naive": 0.9364036864395616,
          "ci95_low_cluster": -0.04175526794676972,
          "ci95_high_cluster": 0.04102407839252989
        },
        "COI_x_logFreq": {
          "beta": 0.05396643574865368,
          "se_cluster": 0.0077242654214557446,
          "se_naive": 0.0007093771219675585,
          "p_cluster": 2.8160614436796665e-12,
          "p_naive": 0.0,
          "ci95_low_cluster": 0.03882715371557232,
          "ci95_high_cluster": 0.06910571778173505
        },
        "R_between_z": {
          "beta": 0.05498983486207393,
          "se_cluster": 0.019552835823653147,
          "se_naive": 0.0007873287819457739,
          "p_cluster": 0.004917769476818533,
          "p_naive": 0.0,
          "ci95_low_cluster": 0.016666980852089196,
          "ci95_high_cluster": 0.09331268887205865
        },
        "R_within_z": {
          "beta": 0.010582346391906137,
          "se_cluster": 0.008726110577351023,
          "se_naive": 0.0053328265493722505,
          "p_cluster": 0.22523612040306906,
          "p_naive": 0.047214532706101014,
          "ci95_low_cluster": -0.0065205160648158875,
          "ci95_high_cluster": 0.027685208848628164
        },
        "COI_x_R_between": {
          "beta": 0.005047359081149921,
          "se_cluster": 0.01073452913136215,
          "se_naive": 0.0006269834248403979,
          "p_cluster": 0.638213233320392,
          "p_naive": 8.292685466095816e-16,
          "ci95_low_cluster": -0.015991931407315925,
          "ci95_high_cluster": 0.026086649569615768
        },
        "COI_x_R_within": {
          "beta": -0.0024627563983238613,
          "se_cluster": 0.007818986919874137,
          "se_naive": 0.005086644616804777,
          "p_cluster": 0.7527834523112154,
          "p_naive": 0.6282717488308976,
          "ci95_low_cluster": -0.01778768915686694,
          "ci95_high_cluster": 0.012862176360219217
        },
        "age_post": {
          "beta": 0.08843041513957471,
          "se_cluster": 0.02295904261618438,
          "se_naive": 0.004669137000269067,
          "p_cluster": 0.00011732006604531561,
          "p_naive": 5.994808635338744e-80,
          "ci95_low_cluster": 0.043431518492333065,
          "ci95_high_cluster": 0.13342931178681636
        },
        "age_x_COI": {
          "beta": 0.032941661138891604,
          "se_cluster": 0.018667034255034756,
          "se_naive": 0.004611345870281885,
          "p_cluster": 0.07761468693230236,
          "p_naive": 9.110725688971395e-13,
          "ci95_low_cluster": -0.0036450536991519955,
          "ci95_high_cluster": 0.0695283759769352
        },
        "age_x_R_within": {
          "beta": -0.009616474811948512,
          "se_cluster": 0.009625903313058112,
          "se_naive": 0.005387838672226004,
          "p_cluster": 0.3177847570814707,
          "p_naive": 0.07428689200885562,
          "ci95_low_cluster": -0.028482898624207196,
          "ci95_high_cluster": 0.009249949000310172
        },
        "age_x_COI_x_R_within": {
          "beta": 0.0022602021604997365,
          "se_cluster": 0.008283829639273793,
          "se_naive": 0.005144688671228524,
          "p_cluster": 0.7849723049474576,
          "p_naive": 0.6604247024488251,
          "ci95_low_cluster": -0.013975805586542328,
          "ci95_high_cluster": 0.0184962099075418
        }
      },
      "r2": 0.2771038002154511
    }
  }
}