{
  "language": "English",
  "window": 10,
  "result": {
    "n_total": 16155,
    "n_cues": 99,
    "n_children": 3,
    "outcome": "next_10_reuse",
    "mlm": {
      "meta": {
        "n": 16155,
        "converged": true,
        "groups_variable": "child"
      },
      "params": {
        "Intercept": {
          "beta": 0.5191741578822956,
          "se": 0.02106933984390004,
          "z": 24.641216180895483,
          "p": 4.571232995569901e-134
        },
        "logFreq_z": {
          "beta": 0.2070766250244197,
          "se": 0.014310969703553385,
          "z": 14.469782922746527,
          "p": 1.8806475600721598e-47
        },
        "COI_z": {
          "beta": 0.02658631547433815,
          "se": 0.020434993611526668,
          "z": 1.3010190254887937,
          "p": 0.19325194253971023
        },
        "COI_x_logFreq": {
          "beta": 0.04649822517150938,
          "se": 0.006560486052011828,
          "z": 7.087618935985743,
          "p": 1.3643903300503543e-12
        },
        "R_between_z": {
          "beta": 0.012127653216766177,
          "se": 0.007205548280552901,
          "z": 1.6830992930125213,
          "p": 0.09235587133921914
        },
        "R_within_z": {
          "beta": 0.010698706009552096,
          "se": 0.011597266512377935,
          "z": 0.9225196297880374,
          "p": 0.35625759602756246
        },
        "COI_x_R_between": {
          "beta": 0.0027847661027901966,
          "se": 0.00385596509162772,
          "z": 0.722196917403799,
          "p": 0.47017341829344517
        },
        "COI_x_R_within": {
          "beta": -0.00921967689312973,
          "se": 0.011519670455198541,
          "z": -0.8003420695918535,
          "p": 0.42351263494357005
        },
        "age_post": {
          "beta": 0.0540974769904566,
          "se": 0.01505053308517289,
          "z": 3.5943894268935237,
          "p": 0.0003251531963803412
        },
        "age_x_COI": {
          "beta": 0.03450725959370871,
          "se": 0.014470754157288367,
          "z": 2.384620678275342,
          "p": 0.01709673956680128
        },
        "age_x_R_within": {
          "beta": -0.019593045104438923,
          "se": 0.012029834547438412,
          "z": -1.6287044536793727,
          "p": 0.10337559949494883
        },
        "age_x_COI_x_R_within": {
          "beta": 0.00974044662796489,
          "se": 0.011942797413030011,
          "z": 0.815591715332768,
          "p": 0.41473368937085187
        }
      }
    },
    "ols_cluster_robust": {
      "params": {
        "const": {
          "beta": 0.5815227616741856,
          "se_cluster": 0.02980612138397094,
          "se_naive": 0.01192738492282102,
          "p_cluster": 8.996665800191027e-85,
          "p_naive": 0.0,
          "ci95_low_cluster": 0.5231038372427734,
          "ci95_high_cluster": 0.6399416861055978
        },
        "logFreq_z": {
          "beta": 0.24790960561466716,
          "se_cluster": 0.011098152385514879,
          "se_naive": 0.004968220560946084,
          "p_cluster": 1.5825282348225124e-110,
          "p_naive": 0.0,
          "ci95_low_cluster": 0.2261576266441207,
          "ci95_high_cluster": 0.2696615845852136
        },
        "COI_z": {
          "beta": 0.03810146209000989,
          "se_cluster": 0.030213987723656837,
          "se_naive": 0.012218390346584411,
          "p_cluster": 0.20728948747369902,
          "p_naive": 0.001821740903951383,
          "ci95_low_cluster": -0.021116865677692838,
          "ci95_high_cluster": 0.09731978985771261
        },
        "COI_x_logFreq": {
          "beta": 0.06050940484372129,
          "se_cluster": 0.006944793893182395,
          "se_naive": 0.002926880001610618,
          "p_cluster": 2.9615647949131886e-18,
          "p_naive": 9.76084745253429e-94,
          "ci95_low_cluster": 0.04689785893303009,
          "ci95_high_cluster": 0.0741209507544125
        },
        "R_between_z": {
          "beta": 0.015871082321895276,
          "se_cluster": 0.011530154426042459,
          "se_naive": 0.0034937435670911155,
          "p_cluster": 0.16867158968426654,
          "p_naive": 5.5936479287785346e-06,
          "ci95_low_cluster": -0.006727605089333042,
          "ci95_high_cluster": 0.03846976973312359
        },
        "R_within_z": {
          "beta": 0.011020846489834923,
          "se_cluster": 0.012673335430095016,
          "se_naive": 0.011755225656748476,
          "p_cluster": 0.38451412029082954,
          "p_naive": 0.34850134705454006,
          "ci95_low_cluster": -0.013818434517146743,
          "ci95_high_cluster": 0.03586012749681659
        },
        "COI_x_R_between": {
          "beta": 0.00031664073456206436,
          "se_cluster": 0.006024029537174986,
          "se_naive": 0.0025127387020843113,
          "p_cluster": 0.9580801415665108,
          "p_naive": 0.8997222606851584,
          "ci95_low_cluster": -0.011490240200106399,
          "ci95_high_cluster": 0.012123521669230527
        },
        "COI_x_R_within": {
          "beta": -0.009173852883165325,
          "se_cluster": 0.01191234469404206,
          "se_naive": 0.011648902678290803,
          "p_cluster": 0.44123279678269645,
          "p_naive": 0.43098361017928594,
          "ci95_low_cluster": -0.03252161945491457,
          "ci95_high_cluster": 0.014173913688583922
        },
        "age_post": {
          "beta": 0.03842194763389034,
          "se_cluster": 0.02993346290027876,
          "se_naive": 0.01213449318701719,
          "p_cluster": 0.19928949725480827,
          "p_naive": 0.0015465662341561516,
          "ci95_low_cluster": -0.020246561583221898,
          "ci95_high_cluster": 0.09709045685100258
        },
        "age_x_COI": {
          "beta": 0.01896668112669317,
          "se_cluster": 0.026679186443255606,
          "se_naive": 0.012002527380331718,
          "p_cluster": 0.47713581158343155,
          "p_naive": 0.11407518279041498,
          "ci95_low_cluster": -0.033323563438917084,
          "ci95_high_cluster": 0.07125692569230342
        },
        "age_x_R_within": {
          "beta": -0.01742827868592645,
          "se_cluster": 0.013704186069169632,
          "se_naive": 0.012188994602469432,
          "p_cluster": 0.20346247656766825,
          "p_naive": 0.15278308400535026,
          "ci95_low_cluster": -0.04428798981893446,
          "ci95_high_cluster": 0.009431432447081563
        },
        "age_x_COI_x_R_within": {
          "beta": 0.009990319859371512,
          "se_cluster": 0.012663879517610404,
          "se_naive": 0.012074880392916296,
          "p_cluster": 0.43018036512874713,
          "p_naive": 0.4080430782043247,
          "ci95_low_cluster": -0.014830427899699353,
          "ci95_high_cluster": 0.03481106761844238
        }
      },
      "r2": 0.3055749761152903
    }
  }
}