{
  "N5": {
    "full_n": 32,
    "full_meta": {
      "n_studies": 32,
      "Q": 84.8074462077768,
      "df": 31,
      "tau2": 0.0010860682131739734,
      "I2_pct": 63.446605945366485,
      "pooled_beta_RE": 0.02411087833384601,
      "pooled_se_RE": 0.00786673356171555,
      "pooled_z_RE": 3.064916098237347,
      "pooled_p_RE": 0.0021773106839979572,
      "pooled_beta_FE": 0.022282150429765158,
      "pooled_se_FE": 0.004368817700693331
    },
    "full_egger": {
      "intercept": 0.41294305623035377,
      "intercept_se": 0.7511705640583994,
      "intercept_t": 0.5497327451162606,
      "intercept_p": 0.5865723294247654,
      "slope": 0.01290097303718054,
      "slope_se": 0.018564252776596405,
      "slope_p": 0.4924430006010815,
      "n": 32
    },
    "drop_manc_n": 21,
    "drop_manc_meta": {
      "n_studies": 21,
      "Q": 67.11833340225452,
      "df": 20,
      "tau2": 0.0013886992762539708,
      "I2_pct": 70.20188227836987,
      "pooled_beta_RE": 0.03630409584475499,
      "pooled_se_RE": 0.010532568062871391,
      "pooled_z_RE": 3.446841798509846,
      "pooled_p_RE": 0.0005671806042470973,
      "pooled_beta_FE": 0.03082180317149825,
      "pooled_se_FE": 0.005187025160652418
    },
    "drop_manc_egger": {
      "intercept": 0.8925480200442256,
      "intercept_se": 0.9381635365359037,
      "intercept_t": 0.9513778624778897,
      "intercept_p": 0.35335922269921716,
      "slope": 0.011638576794787591,
      "slope_se": 0.022300086686548645,
      "slope_p": 0.6077663416590479,
      "n": 21
    }
  },
  "N10": {
    "full_n": 32,
    "full_meta": {
      "n_studies": 32,
      "Q": 51.40693734833483,
      "df": 31,
      "tau2": 0.0008530144738408327,
      "I2_pct": 39.69685494013552,
      "pooled_beta_RE": 0.02887581038184597,
      "pooled_se_RE": 0.008874134720945037,
      "pooled_z_RE": 3.253929683272927,
      "pooled_p_RE": 0.0011382044943997194,
      "pooled_beta_FE": 0.02472048786371323,
      "pooled_se_FE": 0.00625134945673365
    },
    "full_egger": {
      "intercept": 0.4744778920238833,
      "intercept_se": 0.5485131452978935,
      "intercept_t": 0.8650255624524692,
      "intercept_p": 0.39388947649379835,
      "slope": 0.00946779478289987,
      "slope_se": 0.01939705540436407,
      "slope_p": 0.6290242894508374,
      "n": 32
    },
    "drop_manc_n": 21,
    "drop_manc_meta": {
      "n_studies": 21,
      "Q": 42.227026194107594,
      "df": 20,
      "tau2": 0.0013781036712090895,
      "I2_pct": 52.63696783177495,
      "pooled_beta_RE": 0.039865956689096156,
      "pooled_se_RE": 0.012263549573377754,
      "pooled_z_RE": 3.2507681769101264,
      "pooled_p_RE": 0.00115093663744803,
      "pooled_beta_FE": 0.029491635862205552,
      "pooled_se_FE": 0.0074396155623358065
    },
    "drop_manc_egger": {
      "intercept": 1.021993039970378,
      "intercept_se": 0.6801722531545334,
      "intercept_t": 1.502550324907452,
      "intercept_p": 0.14939391186628168,
      "slope": -0.0015852758652168952,
      "slope_se": 0.023188841548074202,
      "slope_p": 0.9462104220425602,
      "n": 21
    }
  }
}