{
  "N5": {
    "full_n": 32,
    "full_meta": {
      "n_studies": 32,
      "Q": 84.80744620777679,
      "df": 31,
      "tau2": 0.0010860682131739734,
      "I2_pct": 63.446605945366485,
      "pooled_beta_RE": 0.024110878333846005,
      "pooled_se_RE": 0.00786673356171555,
      "pooled_z_RE": 3.0649160982373465,
      "pooled_p_RE": 0.0021773106839979572,
      "pooled_beta_FE": 0.02228215042976516,
      "pooled_se_FE": 0.004368817700693332
    },
    "full_egger": {
      "intercept": 0.4129430562303526,
      "intercept_se": 0.7511705640583994,
      "intercept_t": 0.549732745116259,
      "intercept_p": 0.5865723294247663,
      "slope": 0.012900973037180581,
      "slope_se": 0.018564252776596412,
      "slope_p": 0.49244300060108037,
      "n": 32
    },
    "drop_manc_n": 21,
    "drop_manc_meta": {
      "n_studies": 21,
      "Q": 67.1183334022545,
      "df": 20,
      "tau2": 0.0013886992762539715,
      "I2_pct": 70.20188227836987,
      "pooled_beta_RE": 0.03630409584475498,
      "pooled_se_RE": 0.010532568062871393,
      "pooled_z_RE": 3.4468417985098445,
      "pooled_p_RE": 0.0005671806042470973,
      "pooled_beta_FE": 0.030821803171498276,
      "pooled_se_FE": 0.00518702516065242
    },
    "drop_manc_egger": {
      "intercept": 0.8925480200442231,
      "intercept_se": 0.9381635365359037,
      "intercept_t": 0.951377862477887,
      "intercept_p": 0.35335922269921854,
      "slope": 0.01163857679478763,
      "slope_se": 0.022300086686548648,
      "slope_p": 0.6077663416590467,
      "n": 21
    }
  },
  "N10": {
    "full_n": 32,
    "full_meta": {
      "n_studies": 32,
      "Q": 48.534459974177615,
      "df": 31,
      "tau2": 0.0007468729465593384,
      "I2_pct": 36.1278563385823,
      "pooled_beta_RE": 0.03253015257145571,
      "pooled_se_RE": 0.008653016414778895,
      "pooled_z_RE": 3.759400307607868,
      "pooled_p_RE": 0.0001703211290569051,
      "pooled_beta_FE": 0.030840456724342123,
      "pooled_se_FE": 0.00631633421944025
    },
    "full_egger": {
      "intercept": 0.10526472933690131,
      "intercept_se": 0.5503441136251308,
      "intercept_t": 0.19127074630365326,
      "intercept_p": 0.8496021248780893,
      "slope": 0.027407098517781565,
      "slope_se": 0.019664115518874387,
      "slope_p": 0.17362905944054596,
      "n": 32
    },
    "drop_manc_n": 21,
    "drop_manc_meta": {
      "n_studies": 21,
      "Q": 37.43231423299476,
      "df": 20,
      "tau2": 0.0011097945809441128,
      "I2_pct": 46.5702283980856,
      "pooled_beta_RE": 0.044552743300648304,
      "pooled_se_RE": 0.011640758052528118,
      "pooled_z_RE": 3.8273060138873363,
      "pooled_p_RE": 0.0001295534117617958,
      "pooled_beta_FE": 0.03837784122377178,
      "pooled_se_FE": 0.007549866405270565
    },
    "drop_manc_egger": {
      "intercept": 0.6090931517334236,
      "intercept_se": 0.6780961566593388,
      "intercept_t": 0.8982400884472483,
      "intercept_p": 0.3802997832917518,
      "slope": 0.019478923597489338,
      "slope_se": 0.023460658460078096,
      "slope_p": 0.4166914956913574,
      "n": 21
    }
  }
}