{
  "n_cues_uk": 137,
  "n_cues_manc": 111,
  "n_cues_common": 111,
  "n_uk_rows_kept": 303555,
  "weight_stats": {
    "min": 0.18669776863062304,
    "median": 1.032109486784335,
    "max": 2.091015008662978
  },
  "uk_reweighted_match_manchester": {
    "n": 303555,
    "n_cues": 111,
    "n_children": 41,
    "r2": 0.26239516485010694,
    "params": {
      "const": {
        "beta": 0.4016089183904826,
        "se": 0.009691692490818785,
        "t": 41.43847101741395,
        "p": 0.0
      },
      "COI_z": {
        "beta": 0.010222278325855774,
        "se": 0.008285917489607383,
        "t": 1.2336929903872533,
        "p": 0.21731732690136385
      },
      "cumulative_cue_attempts_z": {
        "beta": 0.020250853966982413,
        "se": 0.008354880048375174,
        "t": 2.4238353931748815,
        "p": 0.015357564793601985
      },
      "COI_x_cumulative": {
        "beta": 0.02576483289307793,
        "se": 0.00824127920898394,
        "t": 3.126314767371466,
        "p": 0.0017701197716426275
      },
      "prior_local_freq_z": {
        "beta": 0.14971434655060803,
        "se": 0.01728334858110484,
        "t": 8.66234606378792,
        "p": 4.6215284171179226e-18
      },
      "log_cue_freq_z": {
        "beta": 0.10816751233244287,
        "se": 0.02098368039735151,
        "t": 5.154839870039929,
        "p": 2.538477573778315e-07
      }
    }
  },
  "uk_restricted_to_manc_top_cues": {
    "n": 264765,
    "n_cues": 28,
    "n_children": 41,
    "r2": 0.23751641162517734,
    "params": {
      "const": {
        "beta": 0.44216051390709754,
        "se": 0.01200213480585194,
        "t": 36.84015561060947,
        "p": 4.204370855087624e-297
      },
      "COI_z": {
        "beta": 0.009861316349013355,
        "se": 0.009552345870746874,
        "t": 1.0323449844098163,
        "p": 0.30191053467993534
      },
      "cumulative_cue_attempts_z": {
        "beta": 0.023554027211207983,
        "se": 0.007902476179798779,
        "t": 2.9805881948014603,
        "p": 0.0028769538198597255
      },
      "COI_x_cumulative": {
        "beta": 0.02024898701392274,
        "se": 0.008328633599110388,
        "t": 2.431249588898425,
        "p": 0.015046845359475992
      },
      "prior_local_freq_z": {
        "beta": 0.15066607152942793,
        "se": 0.019134301334835735,
        "t": 7.8741349837073304,
        "p": 3.43108355740176e-15
      },
      "log_cue_freq_z": {
        "beta": 0.09609960365789526,
        "se": 0.022069885824416657,
        "t": 4.354331708937843,
        "p": 1.3347347172861896e-05
      }
    }
  },
  "manc_top_cues_used": [
    "subject_position",
    "object_position",
    "det_a",
    "det_the",
    "verb_past",
    "aux_be",
    "prep_on",
    "prep_in",
    "aux_do",
    "det_that",
    "aux_can",
    "pron_my",
    "pron_there",
    "det_this",
    "pron_that",
    "pron_what",
    "det_some",
    "pron_your",
    "pron_acc_it",
    "prep_out",
    "prep_up",
    "prep_down",
    "det_another",
    "det_all",
    "prep_to",
    "prep_for",
    "prep_with",
    "prep_off"
  ],
  "uk_full_unweighted_reference": {
    "n": 303980,
    "n_cues": 137,
    "n_children": 41,
    "r2": 0.26980013085959675,
    "params": {
      "const": {
        "beta": 0.39601792012170794,
        "se": 0.010218721659391953,
        "t": 38.754154709530695,
        "p": 0.0
      },
      "COI_z": {
        "beta": 0.007896714512111838,
        "se": 0.009335826275463309,
        "t": 0.8458506273693432,
        "p": 0.39763607837678117
      },
      "cumulative_cue_attempts_z": {
        "beta": 0.022482852637200134,
        "se": 0.00964192335901656,
        "t": 2.3317808906016135,
        "p": 0.01971222082420336
      },
      "COI_x_cumulative": {
        "beta": 0.024256509670845992,
        "se": 0.0095744676844513,
        "t": 2.533457782748379,
        "p": 0.01129433442742769
      },
      "prior_local_freq_z": {
        "beta": 0.1532330650883033,
        "se": 0.018150279971503203,
        "t": 8.44246288921639,
        "p": 3.107200898102965e-17
      },
      "log_cue_freq_z": {
        "beta": 0.10775988214603072,
        "se": 0.021860811309656666,
        "t": 4.929363353428219,
        "p": 8.24980140990557e-07
      }
    }
  }
}