{
  "n": 59,
  "r2": 0.21401198302385105,
  "params": {
    "const": {
      "beta": 0.02722262250030387,
      "se": 0.005999481758779306,
      "t": 4.537495669599763,
      "p": 3.1342472398085634e-05
    },
    "episodes_per_month_z": {
      "beta": 0.004928343779741247,
      "se": 0.005711697217956074,
      "t": 0.8628510216276574,
      "p": 0.3919663424264315
    },
    "log_n_episodes_z": {
      "beta": -0.014700695196992226,
      "se": 0.0049009322785081195,
      "t": -2.999571175765609,
      "p": 0.004055979777444973
    },
    "is_manchester": {
      "beta": -0.016576765535562803,
      "se": 0.009422294372335095,
      "t": -1.75931305906065,
      "p": 0.08408595516560483
    }
  },
  "uk_only": {
    "n": 37,
    "r2": 0.14933500457650062,
    "params": {
      "const": {
        "beta": 0.026247071630989962,
        "se": 0.00703493550424103,
        "p": 0.0006950250600618865
      },
      "episodes_per_month_z": {
        "beta": 0.008049858492125061,
        "se": 0.007181801607920278,
        "p": 0.2701984233794111
      },
      "log_n_episodes_z": {
        "beta": -0.014513822836679803,
        "se": 0.005961413891243547,
        "p": 0.020308137311053995
      }
    }
  },
  "uk_density_strata": {
    "median_episodes_per_month": 244.21845041647003,
    "high_density": {
      "n": 19,
      "meta": {
        "n_studies": 19,
        "Q": 23.136793580995402,
        "df": 18,
        "tau2": 0.0001767082156278397,
        "I2_pct": 22.201838655874823,
        "pooled_beta_RE": 0.014159947357771135,
        "pooled_se_RE": 0.0067537201210462324,
        "pooled_z_RE": 2.0966144737987142,
        "pooled_p_RE": 0.03602771697463658,
        "pooled_beta_FE": 0.012210626784809324,
        "pooled_se_FE": 0.0055737491205692415
      }
    },
    "low_density": {
      "n": 18,
      "meta": {
        "n_studies": 18,
        "Q": 52.73176391629009,
        "df": 17,
        "tau2": 0.002385133140572353,
        "I2_pct": 67.76136670302377,
        "pooled_beta_RE": 0.034211382914398965,
        "pooled_se_RE": 0.014546523635225309,
        "pooled_z_RE": 2.3518597138600166,
        "pooled_p_RE": 0.018679818441670104,
        "pooled_beta_FE": 0.04215472127238644,
        "pooled_se_FE": 0.00785082050442519
      }
    }
  }
}