{
  "metrics": {
    "n_files": {
      "uk_n": 48,
      "uk_mean": 20.416666666666668,
      "uk_median": 4.0,
      "uk_sd": 57.15482270872029,
      "manc_n": 11,
      "manc_mean": 22.636363636363637,
      "manc_median": 21.0,
      "manc_sd": 6.2812853345908,
      "mw_U": 65.5,
      "mw_p": 0.00010873222251624066,
      "diff_means": -2.219696969696969
    },
    "n_utt_caregiver": {
      "uk_n": 48,
      "uk_mean": 27125.416666666668,
      "uk_median": 2623.5,
      "uk_sd": 93169.69992480395,
      "manc_n": 11,
      "manc_mean": 29239.727272727272,
      "manc_median": 27749.0,
      "manc_sd": 12673.221895720984,
      "mw_U": 63.0,
      "mw_p": 9.531211919012789e-05,
      "diff_means": -2114.310606060604
    },
    "mlu_child": {
      "uk_n": 48,
      "uk_mean": 2.1864254196658695,
      "uk_median": 2.1451077471887987,
      "uk_sd": 0.42556151784411056,
      "manc_n": 11,
      "manc_mean": 2.165556848070423,
      "manc_median": 2.2245940004255016,
      "manc_sd": 0.19060385719072145,
      "mw_U": 270.0,
      "mw_p": 0.9147543868176491,
      "diff_means": 0.02086857159544664
    },
    "mlu_caregiver": {
      "uk_n": 48,
      "uk_mean": 3.525039527410399,
      "uk_median": 3.5246868215412315,
      "uk_sd": 0.5649212345082826,
      "manc_n": 11,
      "manc_mean": 3.799344327573493,
      "manc_median": 3.639657020364416,
      "manc_sd": 0.48958522528122267,
      "mw_U": 184.0,
      "mw_p": 0.12179895973465886,
      "diff_means": -0.2743048001630939
    },
    "types_caregiver_lemmas": {
      "uk_n": 48,
      "uk_mean": 1523.5208333333333,
      "uk_median": 895.5,
      "uk_sd": 2317.6864288629426,
      "manc_n": 11,
      "manc_mean": 2567.3636363636365,
      "manc_median": 2579.0,
      "manc_sd": 724.8549196532052,
      "mw_U": 80.0,
      "mw_p": 0.00035512706565794203,
      "diff_means": -1043.8428030303032
    },
    "ttr_caregiver": {
      "uk_n": 48,
      "uk_mean": 0.16133046256209857,
      "uk_median": 0.09400906830537134,
      "uk_sd": 0.18899883363767528,
      "manc_n": 11,
      "manc_mean": 0.0254855401223246,
      "manc_median": 0.023561632594446554,
      "manc_sd": 0.0073834113394942984,
      "mw_U": 459.0,
      "mw_p": 0.00015342999375759651,
      "diff_means": 0.13584492243977397
    },
    "n_post_episodes": {
      "uk_n": 41,
      "uk_mean": 7418.5609756097565,
      "uk_median": 590.0,
      "uk_sd": 27219.667622005214,
      "manc_n": 11,
      "manc_mean": 7054.727272727273,
      "manc_median": 5986.0,
      "manc_sd": 5397.76594696193,
      "mw_U": 67.0,
      "mw_p": 0.00039978715739551754,
      "diff_means": 363.8337028824835
    },
    "obs_window_months": {
      "uk_n": 41,
      "uk_mean": 10.664725489567644,
      "uk_median": 8.68988173455979,
      "uk_sd": 10.487203408175073,
      "manc_n": 11,
      "manc_mean": 9.960219806474736,
      "manc_median": 10.131406044678059,
      "manc_sd": 0.978477343248883,
      "mw_U": 184.0,
      "mw_p": 0.3559810974657287,
      "diff_means": 0.7045056830929077
    },
    "episodes_per_month": {
      "uk_n": 41,
      "uk_mean": 849.6198133624023,
      "uk_median": 150.0,
      "uk_sd": 2490.3412622221213,
      "manc_n": 11,
      "manc_mean": 709.7601122022666,
      "manc_median": 699.2055324211774,
      "manc_sd": 545.5373374081739,
      "mw_U": 102.0,
      "mw_p": 0.0058523991976436795,
      "diff_means": 139.85970116013573
    },
    "episodes_per_file": {
      "uk_n": 41,
      "uk_mean": 262.75388380419685,
      "uk_median": 138.5,
      "uk_sd": 339.772700474614,
      "manc_n": 11,
      "manc_mean": 332.5555341934079,
      "manc_median": 268.60869565217394,
      "manc_sd": 184.03544902466984,
      "mw_U": 145.0,
      "mw_p": 0.07304993035907516,
      "diff_means": -69.80165038921103
    }
  },
  "cue_mix_spearman": {
    "rho": 0.9746375137746955,
    "p": 1.18933815015581e-89,
    "n_common": 137
  }
}