{
  "language": "English-UK",
  "outcome_col": "next_5_reuse",
  "window": 5,
  "prior_window": 20,
  "contingent_only": true,
  "n_post_msr": 303980,
  "n_pre_msr": 8737,
  "n_cues_post": 137,
  "n_cues_pre": 95,
  "n_children_post": 41,
  "n_children_pre": 26,
  "outcome_mean_post": 0.4007303112046845,
  "outcome_mean_pre": 0.3089161039258327,
  "M_new_post_OLS_cluster_cue": {
    "n": 303980,
    "r2": 0.26980013085959675,
    "cluster_col": "cue_subtype",
    "params": {
      "const": {
        "beta": 0.39601792012170794,
        "se": 0.010218721659391953,
        "stat": 38.754154709530695,
        "p": 0.0,
        "ci95_low": 0.37598959370126034,
        "ci95_high": 0.41604624654215555
      },
      "COI_z": {
        "beta": 0.007896714512111838,
        "se": 0.009335826275463309,
        "stat": 0.8458506273693432,
        "p": 0.39763607837678117,
        "ci95_low": -0.010401168753718961,
        "ci95_high": 0.026194597777942637
      },
      "cumulative_cue_attempts_z": {
        "beta": 0.022482852637200134,
        "se": 0.00964192335901656,
        "stat": 2.3317808906016135,
        "p": 0.01971222082420336,
        "ci95_low": 0.0035850301118322166,
        "ci95_high": 0.04138067516256805
      },
      "COI_x_cumulative": {
        "beta": 0.024256509670845992,
        "se": 0.0095744676844513,
        "stat": 2.533457782748379,
        "p": 0.01129433442742769,
        "ci95_low": 0.00549089783817884,
        "ci95_high": 0.043022121503513144
      },
      "prior_local_freq_z": {
        "beta": 0.1532330650883033,
        "se": 0.018150279971503203,
        "stat": 8.44246288921639,
        "p": 3.107200898102965e-17,
        "ci95_low": 0.11765917003483836,
        "ci95_high": 0.18880696014176826
      },
      "log_cue_freq_z": {
        "beta": 0.10775988214603072,
        "se": 0.021860811309656666,
        "stat": 4.929363353428219,
        "p": 8.24980140990557e-07,
        "ci95_low": 0.06491347930627776,
        "ci95_high": 0.15060628498578366
      }
    }
  },
  "M_new_post_OLS_cluster_child": {
    "n": 303980,
    "r2": 0.26980013085959675,
    "cluster_col": "child",
    "params": {
      "const": {
        "beta": 0.39601792012170794,
        "se": 0.010827942780051763,
        "stat": 36.573699008761736,
        "p": 7.491999601178916e-293,
        "ci95_low": 0.374795542246146,
        "ci95_high": 0.4172402979972699
      },
      "COI_z": {
        "beta": 0.007896714512111838,
        "se": 0.0012326867207877387,
        "stat": 6.406100089295604,
        "p": 1.4928897992854166e-10,
        "ci95_low": 0.005480692935147089,
        "ci95_high": 0.010312736089076588
      },
      "cumulative_cue_attempts_z": {
        "beta": 0.022482852637200134,
        "se": 0.00922912918071442,
        "stat": 2.4360751915989276,
        "p": 0.014847597808409871,
        "ci95_low": 0.004394091834332214,
        "ci95_high": 0.04057161344006806
      },
      "COI_x_cumulative": {
        "beta": 0.024256509670845992,
        "se": 0.004759762515876976,
        "stat": 5.096159648708183,
        "p": 3.466128549515954e-07,
        "ci95_low": 0.014927546564763361,
        "ci95_high": 0.033585472776928624
      },
      "prior_local_freq_z": {
        "beta": 0.1532330650883033,
        "se": 0.004207110713023923,
        "stat": 36.42239901458756,
        "p": 1.8820738627834845e-290,
        "ci95_low": 0.1449872796118038,
        "ci95_high": 0.16147885056480282
      },
      "log_cue_freq_z": {
        "beta": 0.10775988214603072,
        "se": 0.009187276198201517,
        "stat": 11.729252481505409,
        "p": 9.025217827716088e-32,
        "ci95_low": 0.08975315168153367,
        "ci95_high": 0.12576661261052777
      }
    }
  },
  "M_new_post_MixedLM_child": {
    "n": 303980,
    "n_children": 41,
    "random_intercept_sd": 0.041829384221567144,
    "params": {
      "Intercept": {
        "beta": 0.4521801450751939,
        "se": 0.008080804532502917,
        "stat": 55.95731752406803,
        "p": 0.0
      },
      "COI_z": {
        "beta": 0.0038067089525535593,
        "se": 0.0010673546484964108,
        "stat": 3.566489318162519,
        "p": 0.0003617955499384266
      },
      "cumulative_cue_attempts_z": {
        "beta": 0.048582395612176456,
        "se": 0.0014484598478963974,
        "stat": 33.540726505282706,
        "p": 1.2291549713569077e-246
      },
      "COI_x_cumulative": {
        "beta": 0.013334007607010992,
        "se": 0.0018377990762114312,
        "stat": 7.2554218682592095,
        "p": 4.004118584406186e-13
      },
      "prior_local_freq_z": {
        "beta": 0.14398054451343192,
        "se": 0.0010367975373157207,
        "stat": 138.87045380740295,
        "p": 0.0
      },
      "log_cue_freq_z": {
        "beta": 0.10044919728300866,
        "se": 0.0010525399281179995,
        "stat": 95.4350467849875,
        "p": 0.0
      }
    }
  },
  "S1_pre_OLS_cluster_cue": {
    "n": 8737,
    "r2": 0.193091732534733,
    "cluster_col": "cue_subtype",
    "params": {
      "const": {
        "beta": 0.3114714575577732,
        "se": 0.012098552959488211,
        "stat": 25.74452156392007,
        "p": 3.712523934432554e-146,
        "ci95_low": 0.28775872949212583,
        "ci95_high": 0.3351841856234206
      },
      "COI_z": {
        "beta": -0.014246299098752108,
        "se": 0.012394160063385585,
        "stat": -1.149436430213456,
        "p": 0.25037606541501345,
        "ci95_low": -0.03853840644161252,
        "ci95_high": 0.01004580824410831
      },
      "cumulative_cue_attempts_z": {
        "beta": 0.027772488482334438,
        "se": 0.006613082397175613,
        "stat": 4.199628375142553,
        "p": 2.673534165630748e-05,
        "ci95_low": 0.014811085157074431,
        "ci95_high": 0.040733891807594444
      },
      "COI_x_cumulative": {
        "beta": -0.0167844190737156,
        "se": 0.010630192337016378,
        "stat": -1.578938418194845,
        "p": 0.1143501828550894,
        "ci95_low": -0.03761921320300137,
        "ci95_high": 0.004050375055570168
      },
      "prior_local_freq_z": {
        "beta": 0.1501758704843889,
        "se": 0.009008406692160263,
        "stat": 16.670636175327466,
        "p": 2.1430152487640103e-62,
        "ci95_low": 0.13251971780966518,
        "ci95_high": 0.16783202315911264
      },
      "log_cue_freq_z": {
        "beta": 0.06921460049949228,
        "se": 0.012410479292226417,
        "stat": 5.5771093822981035,
        "p": 2.445481107218452e-08,
        "ci95_low": 0.04489050805584836,
        "ci95_high": 0.0935386929431362
      }
    }
  },
  "S1_pre_MixedLM_child": {
    "n": 8737,
    "n_children": 26,
    "random_intercept_sd": 0.028596962188002503,
    "params": {
      "Intercept": {
        "beta": 0.3032038957315853,
        "se": 0.009692651906969985,
        "stat": 31.281830673559153,
        "p": 8.24396763981988e-215
      },
      "COI_z": {
        "beta": -0.01300218892293532,
        "se": 0.005449863343181038,
        "stat": -2.3857825608056538,
        "p": 0.017042824370794036
      },
      "cumulative_cue_attempts_z": {
        "beta": 0.018801160171324605,
        "se": 0.0069238628145121325,
        "stat": 2.715414888336341,
        "p": 0.006619278814862342
      },
      "COI_x_cumulative": {
        "beta": -0.013270792486814441,
        "se": 0.008691737110896526,
        "stat": -1.526828563438408,
        "p": 0.1268036469180122
      },
      "prior_local_freq_z": {
        "beta": 0.14709175605382094,
        "se": 0.005196910505579262,
        "stat": 28.30369233718903,
        "p": 3.112568826123091e-176
      },
      "log_cue_freq_z": {
        "beta": 0.07561375295489021,
        "se": 0.005839279711316763,
        "stat": 12.9491575490634,
        "p": 2.375465747419707e-38
      }
    }
  },
  "S2_cumulative_vs_age_post": {
    "pearson_r": 0.4481513265966727,
    "spearman_r": 0.44448625514358076,
    "n": 303980
  },