{
  "language": "English",
  "outcome_col": "next_5_reuse",
  "window": 5,
  "prior_window": 20,
  "contingent_only": true,
  "n_post_msr": 14959,
  "n_pre_msr": 1196,
  "n_cues_post": 99,
  "n_cues_pre": 48,
  "n_children_post": 3,
  "n_children_pre": 1,
  "outcome_mean_post": 0.5598636272478107,
  "outcome_mean_pre": 0.5267558528428093,
  "M_new_post_OLS_cluster_cue": {
    "n": 14959,
    "r2": 0.3061508702596746,
    "cluster_col": "cue_subtype",
    "params": {
      "const": {
        "beta": 0.5328875992122203,
        "se": 0.011094763405449877,
        "stat": 48.030550966995804,
        "p": 0.0,
        "ci95_low": 0.5111422625205455,
        "ci95_high": 0.5546329359038951
      },
      "COI_z": {
        "beta": 0.03727236685016473,
        "se": 0.01081668016127849,
        "stat": 3.4458231448492125,
        "p": 0.000569322823784928,
        "ci95_low": 0.01607206330176999,
        "ci95_high": 0.058472670398559475
      },
      "cumulative_cue_attempts_z": {
        "beta": 0.027189324228601472,
        "se": 0.012147642210241765,
        "stat": 2.23823880865358,
        "p": 0.025205486121991527,
        "ci95_low": 0.0033803829994490733,
        "ci95_high": 0.05099826545775387
      },
      "COI_x_cumulative": {
        "beta": 0.05158417740477847,
        "se": 0.01299195660961464,
        "stat": 3.9704702651642036,
        "p": 7.173090840535766e-05,
        "ci95_low": 0.026120410361226667,
        "ci95_high": 0.07704794444833027
      },
      "prior_local_freq_z": {
        "beta": 0.11239402262739288,
        "se": 0.01655177054393804,
        "stat": 6.790453162036876,
        "p": 1.1178186502805805e-11,
        "ci95_low": 0.07995314848090337,
        "ci95_high": 0.1448348967738824
      },
      "log_cue_freq_z": {
        "beta": 0.13533770972377493,
        "se": 0.02291959853710033,
        "stat": 5.904890066233122,
        "p": 3.528819840882631e-09,
        "ci95_low": 0.09041612205094138,
        "ci95_high": 0.18025929739660848
      }
    }
  },
  "M_new_post_OLS_cluster_child": {
    "n": 14959,
    "r2": 0.3061508702596746,
    "cluster_col": "child",
    "params": {
      "const": {
        "beta": 0.5328875992122203,
        "se": 0.01564638194153301,
        "stat": 34.05819960189523,
        "p": 3.0691822085695323e-254,
        "ci95_low": 0.5022212541184577,
        "ci95_high": 0.5635539443059828
      },
      "COI_z": {
        "beta": 0.03727236685016473,
        "se": 0.004767996722429147,
        "stat": 7.817196407629998,
        "p": 5.4012794299143086e-15,
        "ci95_low": 0.027927264995798583,
        "ci95_high": 0.04661746870453088
      },
      "cumulative_cue_attempts_z": {
        "beta": 0.027189324228601472,
        "se": 0.005232427442339285,
        "stat": 5.196311755533071,
        "p": 2.0328124464875306e-07,
        "ci95_low": 0.01693395488989744,
        "ci95_high": 0.0374446935673055
      },
      "COI_x_cumulative": {
        "beta": 0.05158417740477847,
        "se": 0.009493357085268316,
        "stat": 5.4337129575401955,
        "p": 5.519334191846132e-08,
        "ci95_low": 0.03297753942527443,
        "ci95_high": 0.07019081538428251
      },
      "prior_local_freq_z": {
        "beta": 0.11239402262739288,
        "se": 0.005012633309041415,
        "stat": 22.42215133204835,
        "p": 2.3933406903681546e-111,
        "ci95_low": 0.10256944187396588,
        "ci95_high": 0.12221860338081988
      },
      "log_cue_freq_z": {
        "beta": 0.13533770972377493,
        "se": 0.008114219851831502,
        "stat": 16.679078481368382,
        "p": 1.8606704349348285e-62,
        "ci95_low": 0.11943413105154525,
        "ci95_high": 0.1512412883960046
      }
    }
  },
  "M_new_post_MixedLM_child": {
    "n": 14959,
    "n_children": 3,
    "random_intercept_sd": 0.037164158424418954,
    "params": {
      "Intercept": {
        "beta": 0.5507114130079958,
        "se": 0.022502151700155383,
        "stat": 24.47372235092491,
        "p": 2.81408015447064e-132
      },
      "COI_z": {
        "beta": 0.03247115146260736,
        "se": 0.007020627886446495,
        "stat": 4.6251064702195315,
        "p": 3.744060272399582e-06
      },
      "cumulative_cue_attempts_z": {
        "beta": 0.03838524048488278,
        "se": 0.00900518189576012,
        "stat": 4.2625724754050305,
        "p": 2.020869241562267e-05
      },
      "COI_x_cumulative": {
        "beta": 0.04327447463519865,
        "se": 0.009627880168114378,
        "stat": 4.494704325310892,
        "p": 6.966668077774205e-06
      },
      "prior_local_freq_z": {
        "beta": 0.10739765556122033,
        "se": 0.005447003259748623,
        "stat": 19.716833355847243,
        "p": 1.5461053783221363e-86
      },
      "log_cue_freq_z": {
        "beta": 0.13384677236501571,
        "se": 0.0068748957622421294,
        "stat": 19.468916619815612,
        "p": 2.014878781699675e-84
      }
    }
  },
  "S1_pre_OLS_cluster_cue": {
    "n": 1196,
    "r2": 0.18877834156037165,
    "cluster_col": "cue_subtype",
    "params": {
      "const": {
        "beta": 0.5661469944602338,
        "se": 0.03828654186155261,
        "stat": 14.78710186225409,
        "p": 1.77430706132399e-49,
        "ci95_low": 0.4911067513190055,
        "ci95_high": 0.641187237601462
      },
      "COI_z": {
        "beta": -0.0005774933172026375,
        "se": 0.03594810071556037,
        "stat": -0.016064640570918,
        "p": 0.9871828226098677,
        "ci95_low": -0.07103447603231951,
        "ci95_high": 0.06987948939791423
      },
      "cumulative_cue_attempts_z": {
        "beta": 0.18724032802480783,
        "se": 0.04192059910345532,
        "stat": 4.466547044395043,
        "p": 7.949218806340554e-06,
        "ci95_low": 0.10507746357169333,
        "ci95_high": 0.2694031924779223
      },
      "COI_x_cumulative": {
        "beta": -0.06141701255901655,
        "se": 0.04241244517199082,
        "stat": -1.4480894065399548,
        "p": 0.14759204784377408,
        "ci95_low": -0.14454387759239823,
        "ci95_high": 0.021709852474365146
      },
      "prior_local_freq_z": {
        "beta": 0.06035199169819873,
        "se": 0.015210594862662886,
        "stat": 3.9677601200426054,
        "p": 7.255130526498079e-05,
        "ci95_low": 0.030539773583949503,
        "ci95_high": 0.09016420981244795
      },
      "log_cue_freq_z": {
        "beta": 0.0014044656743211967,
        "se": 0.03150688529817754,
        "stat": 0.044576468318892684,
        "p": 0.9644448995716925,
        "ci95_low": -0.0603478947751413,
        "ci95_high": 0.06315682612378369
      }
    }
  },
  "S1_pre_MixedLM_child": {
    "n": 1196,
    "n_children": 1,
    "random_intercept_sd": 0.4508262425900284,
    "params": {
      "Intercept": {
        "beta": 0.5661469944595648,
        "se": 0.4516970160849981,
        "stat": 1.2533777605319183,
        "p": 0.210068261131776
      },
      "COI_z": {
        "beta": -0.0005774933172029411,
        "se": 0.02952193354651752,
        "stat": -0.019561500478719955,
        "p": 0.9843931761194168
      },
      "cumulative_cue_attempts_z": {
        "beta": 0.18724032802479937,
        "se": 0.040858305707186564,
        "stat": 4.582674802197333,
        "p": 4.5906567300862266e-06
      },
      "COI_x_cumulative": {
        "beta": -0.0614170125590081,
        "se": 0.038695921799971146,
        "stat": -1.58717016424852,
        "p": 0.11247411015143413
      },
      "prior_local_freq_z": {
        "beta": 0.06035199169820039,
        "se": 0.017420165186629366,
        "stat": 3.4644902072755785,
        "p": 0.0005312374809569361
      },
      "log_cue_freq_z": {
        "beta": 0.0014044656743292818,
        "se": 0.028251445669709555,
        "stat": 0.04971305506801418,
        "p": 0.9603510528841268
      }
    }
  },
  "S2_cumulative_vs_age_post": {
    "pearson_r": 0.40933154554427703,
    "spearman_r": 0.3396150863012388,
    "n": 14959
  },