{
  "language": "English-Manchester",
  "outcome_col": "next_5_reuse",
  "window": 5,
  "prior_window": 20,
  "contingent_only": true,
  "n_post_msr": 77533,
  "n_pre_msr": 6092,
  "n_cues_post": 111,
  "n_cues_pre": 88,
  "n_children_post": 11,
  "n_children_pre": 9,
  "outcome_mean_post": 0.44059948667019205,
  "outcome_mean_pre": 0.2897242284963887,
  "M_new_post_OLS_cluster_cue": {
    "n": 77533,
    "r2": 0.24906505377760724,
    "cluster_col": "cue_subtype",
    "params": {
      "const": {
        "beta": 0.44236727950699906,
        "se": 0.010359171959384109,
        "stat": 42.70295746044353,
        "p": 0.0,
        "ci95_low": 0.42206367555694896,
        "ci95_high": 0.46267088345704915
      },
      "COI_z": {
        "beta": -0.016838626966058437,
        "se": 0.013064253088727508,
        "stat": -1.2889085087143366,
        "p": 0.1974298956288698,
        "ci95_low": -0.042444092504880515,
        "ci95_high": 0.008766838572763638
      },
      "cumulative_cue_attempts_z": {
        "beta": 0.04483296213924879,
        "se": 0.013634867133221304,
        "stat": 3.2881114059420087,
        "p": 0.0010086191840861004,
        "ci95_low": 0.01810911362414614,
        "ci95_high": 0.07155681065435143
      },
      "COI_x_cumulative": {
        "beta": -0.006510507431345962,
        "se": 0.013617909740564803,
        "stat": -0.47808419613419606,
        "p": 0.6325902799337131,
        "ci95_low": -0.033201120067570165,
        "ci95_high": 0.020180105204878243
      },
      "prior_local_freq_z": {
        "beta": 0.14540197077546224,
        "se": 0.017209284295918555,
        "stat": 8.44904228875727,
        "p": 2.9370208184922875e-17,
        "ci95_low": 0.11167239335575113,
        "ci95_high": 0.17913154819517335
      },
      "log_cue_freq_z": {
        "beta": 0.10484679417467044,
        "se": 0.02162419150928225,
        "stat": 4.848587940486221,
        "p": 1.243434060386636e-06,
        "ci95_low": 0.062464157621680394,
        "ci95_high": 0.14722943072766048
      }
    }
  },
  "M_new_post_OLS_cluster_child": {
    "n": 77533,
    "r2": 0.24906505377760724,
    "cluster_col": "child",
    "params": {
      "const": {
        "beta": 0.44236727950699906,
        "se": 0.00831633479015522,
        "stat": 53.19257709906872,
        "p": 0.0,
        "ci95_low": 0.42606756283491737,
        "ci95_high": 0.45866699617908074
      },
      "COI_z": {
        "beta": -0.016838626966058437,
        "se": 0.0052455212137354655,
        "stat": -3.2100960571785073,
        "p": 0.001326906220405706,
        "ci95_low": -0.02711965962512078,
        "ci95_high": -0.006557594306996093
      },
      "cumulative_cue_attempts_z": {
        "beta": 0.04483296213924879,
        "se": 0.00794654321261383,
        "stat": 5.641819460326326,
        "p": 1.6826248698955174e-08,
        "ci95_low": 0.029258023640934466,
        "ci95_high": 0.060407900637563114
      },
      "COI_x_cumulative": {
        "beta": -0.006510507431345962,
        "se": 0.0051230391081454035,
        "stat": -1.2708291492435702,
        "p": 0.2037894363063023,
        "ci95_low": -0.016551479574701152,
        "ci95_high": 0.0035304647120092273
      },
      "prior_local_freq_z": {
        "beta": 0.14540197077546224,
        "se": 0.008611848988769936,
        "stat": 16.883943386033593,
        "p": 5.90643064321681e-64,
        "ci95_low": 0.12852305691717547,
        "ci95_high": 0.162280884633749
      },
      "log_cue_freq_z": {
        "beta": 0.10484679417467044,
        "se": 0.011493077535061288,
        "stat": 9.12260392003971,
        "p": 7.334059951504237e-20,
        "ci95_low": 0.08232077613442393,
        "ci95_high": 0.12737281221491695
      }
    }
  },
  "M_new_post_MixedLM_child": {
    "n": 77533,
    "n_children": 11,
    "random_intercept_sd": 0.035161625623200785,
    "params": {
      "Intercept": {
        "beta": 0.4657953939134146,
        "se": 0.010897390528115631,
        "stat": 42.74375527899519,
        "p": 0.0
      },
      "COI_z": {
        "beta": -0.021478407164677745,
        "se": 0.0024878815515004824,
        "stat": -8.633211316561178,
        "p": 5.965308443146336e-18
      },
      "cumulative_cue_attempts_z": {
        "beta": 0.0713074121231711,
        "se": 0.0033067248148975605,
        "stat": 21.56436235695051,
        "p": 3.8823096088564986e-103
      },
      "COI_x_cumulative": {
        "beta": -0.01864757625551088,
        "se": 0.003812844966996093,
        "stat": -4.890725014241049,
        "p": 1.0046523686407738e-06
      },
      "prior_local_freq_z": {
        "beta": 0.1368634809700337,
        "se": 0.002098786816271888,
        "stat": 65.21075885789426,
        "p": 0.0
      },
      "log_cue_freq_z": {
        "beta": 0.09516950295722393,
        "se": 0.0024483891779351844,
        "stat": 38.87025143506141,
        "p": 0.0
      }
    }
  },
  "S1_pre_OLS_cluster_cue": {
    "n": 6092,
    "r2": 0.12423883510514866,
    "cluster_col": "cue_subtype",
    "params": {
      "const": {
        "beta": 0.29503787722841845,
        "se": 0.011729650135098565,
        "stat": 25.153169432187777,
        "p": 1.304750775526373e-139,
        "ci95_low": 0.27204818541236986,
        "ci95_high": 0.31802756904446705
      },
      "COI_z": {
        "beta": -0.03008060903802462,
        "se": 0.011524294006735122,
        "stat": -2.610191046882756,
        "p": 0.00904916701145772,
        "ci95_low": -0.052667810238476255,
        "ci95_high": -0.007493407837572984
      },
      "cumulative_cue_attempts_z": {
        "beta": 0.0383747610221752,
        "se": 0.008013294819763105,
        "stat": 4.788886704571499,
        "p": 1.6770912709340659e-06,
        "ci95_low": 0.02266899177793813,
        "ci95_high": 0.05408053026641227
      },
      "COI_x_cumulative": {
        "beta": -0.02462553803231752,
        "se": 0.00928220686824279,
        "stat": -2.652983108636467,
        "p": 0.007978386334668259,
        "ci95_low": -0.042818329191123716,
        "ci95_high": -0.006432746873511325
      },
      "prior_local_freq_z": {
        "beta": 0.11085792113466689,
        "se": 0.016237624751108792,
        "stat": 6.827225215134801,
        "p": 8.657273267593557e-12,
        "ci95_low": 0.07903276142801749,
        "ci95_high": 0.14268308084131628
      },
      "log_cue_freq_z": {
        "beta": 0.06410082418121017,
        "se": 0.01526259541776395,
        "stat": 4.1998639436254726,
        "p": 2.670754177552413e-05,
        "ci95_low": 0.034186686851786774,
        "ci95_high": 0.09401496151063357
      }
    }
  },
  "S1_pre_MixedLM_child": {
    "n": 6092,
    "n_children": 9,
    "random_intercept_sd": 0.028018125589285386,
    "params": {
      "Intercept": {
        "beta": 0.301831676763459,
        "se": 0.012831567518024828,
        "stat": 23.52258805009352,
        "p": 2.3958913867034218e-122
      },
      "COI_z": {
        "beta": -0.029906895154696744,
        "se": 0.007324952014022974,
        "stat": -4.082879327733838,
        "p": 4.448112326156729e-05
      },
      "cumulative_cue_attempts_z": {
        "beta": 0.04397693910385965,
        "se": 0.009415705712792362,
        "stat": 4.670594052670075,
        "p": 3.0032993382601217e-06
      },
      "COI_x_cumulative": {
        "beta": -0.02661609262054777,
        "se": 0.010830863716189805,
        "stat": -2.45743029531084,
        "p": 0.013993496390566865
      },
      "prior_local_freq_z": {
        "beta": 0.10943203199888632,
        "se": 0.00610115303625588,
        "stat": 17.93628701797684,
        "p": 6.142481943199426e-72
      },
      "log_cue_freq_z": {
        "beta": 0.06193012551882684,
        "se": 0.007572699754176014,
        "stat": 8.178077505935063,
        "p": 2.8840824595445914e-16
      }
    }
  },
  "S2_cumulative_vs_age_post": {
    "pearson_r": 0.2873263192565262,
    "spearman_r": 0.2852361915335376,
    "n": 77533
  },