{
  "_meta": {
    "window": 5,
    "contingent_only": true,
    "n_children_merged": 41
  },
  "wls_main_z": {
    "const": {
      "beta": 0.017759073325196533,
      "se": 0.01879550980403145,
      "t": 0.944857229751086,
      "p": 0.3510305301048237,
      "ci95_low": -0.020359987353728893,
      "ci95_high": 0.05587813400412196
    },
    "obs_window_months_z": {
      "beta": 0.0156043053330639,
      "se": 0.006493485405437522,
      "t": 2.4030708254148303,
      "p": 0.021535954428987633,
      "ci95_low": 0.002434906536841955,
      "ci95_high": 0.028773704129285843
    },
    "log_n_episodes_z": {
      "beta": -0.017220862765116987,
      "se": 0.005489178089391787,
      "t": -3.137238851550013,
      "p": 0.0033928021665411835,
      "ci95_low": -0.028353431918525802,
      "ci95_high": -0.0060882936117081735
    },
    "corpus_English-UK": {
      "beta": 0.014415294145352192,
      "se": 0.019668845520285166,
      "t": 0.7328998608731355,
      "p": 0.4683651228460434,
      "ci95_low": -0.02547497346054936,
      "ci95_high": 0.05430556175125374
    },
    "corpus_Manchester": {
      "beta": 0.0011943473098047705,
      "se": 0.023652945076435634,
      "t": 0.050494655356666134,
      "p": 0.9600073406525156,
      "ci95_low": -0.04677604870523441,
      "ci95_high": 0.049164743324843954
    }
  },
  "wls_main_raw": {
    "const": {
      "beta": 0.08831657827244682,
      "se": 0.035524676580020766,
      "t": 2.4860628378561076,
      "p": 0.017693972721385585
    },
    "obs_window_months": {
      "beta": 0.0015868817994618466,
      "se": 0.0006603558175144142,
      "t": 2.4030708254148276,
      "p": 0.021535954428987772
    },
    "log_n_episodes": {
      "beta": -0.011730493166626348,
      "se": 0.0037391138264243656,
      "t": -3.1372388515500123,
      "p": 0.003392802166541196
    },
    "corpus_English-UK": {
      "beta": 0.014415294145352173,
      "se": 0.01966884552028518,
      "t": 0.732899860873134,
      "p": 0.4683651228460444
    },
    "corpus_Manchester": {
      "beta": 0.0011943473098047566,
      "se": 0.023652945076435637,
      "t": 0.050494655356665544,
      "p": 0.960007340652516
    }
  },
  "strata": {
    "A_short_<6mo": {
      "n_studies": 6,
      "Q": 11.980028229756163,
      "df": 5,
      "tau2": 0.001738972993747801,
      "I2_pct": 58.26387130223175,
      "pooled_beta_RE": 0.022245947126437668,
      "pooled_se_RE": 0.02233373163147092,
      "pooled_z_RE": 0.9960694206198147,
      "pooled_p_RE": 0.3192164164497293,
      "pooled_beta_FE": 0.020890857795407065,
      "pooled_se_FE": 0.014385901087608427,
      "n_children": 6,
      "corpora_breakdown": {
        "English-UK": 5,
        "Brown": 1
      }
    },
    "B_medium_6-12mo": {
      "n_studies": 20,
      "Q": 34.26701629601162,
      "df": 19,
      "tau2": 0.000639681922493638,
      "I2_pct": 44.553094918242316,
      "pooled_beta_RE": 0.010314315623961198,
      "pooled_se_RE": 0.008881276922669285,
      "pooled_z_RE": 1.1613550296617945,
      "pooled_p_RE": 0.245497549088463,
      "pooled_beta_FE": 0.01015674982925641,
      "pooled_se_FE": 0.00623632757254496,
      "n_children": 20,
      "corpora_breakdown": {
        "Manchester": 11,
        "English-UK": 9
      }
    },
    "C_long_>12mo": {
      "n_studies": 15,
      "Q": 44.167400512635666,
      "df": 14,
      "tau2": 0.0011497319162432967,
      "I2_pct": 68.30241345991192,
      "pooled_beta_RE": 0.0358551631209113,
      "pooled_se_RE": 0.011429339309720163,
      "pooled_z_RE": 3.137115991509502,
      "pooled_p_RE": 0.0017061861357967611,
      "pooled_beta_FE": 0.030836414163587667,
      "pooled_se_FE": 0.005796186585090712,
      "n_children": 15,
      "corpora_breakdown": {
        "English-UK": 13,
        "Brown": 2
      }
    }
  },
  "brown_inner": [
    {
      "child": "Eve",
      "n_episodes": 1570,
      "n_cues": 64,
      "outcome_mean": 0.5929936305732484,
      "beta_COI_x_cum": -0.0524326462671159,
      "se_COI_x_cum": 0.0325670616932095,
      "p_COI_x_cum": 0.1074000219018531,
      "beta_COI": -0.034190523469736,
      "se_COI": 0.0208301076781523,
      "beta_cum": 0.1767946140109596,
      "se_cum": 0.0574650048257439,
      "r2": 0.3106861876808252,
      "corpus_label": "Brown",
      "language": "English",
      "n_post": 1570,
      "n_cues_post": 64,
      "age_min_post": 24.0,
      "age_max_post": 27.0,
      "obs_window_months": 3.0,
      "cumulative_min": 0,
      "cumulative_max": 743,
      "cumulative_range": 743,
      "cumulative_mean": 281.28343949044586,
      "window_stratum": "A_short_<6mo"
    },
    {
      "child": "Sarah",
      "n_episodes": 6682,
      "n_cues": 89,
      "outcome_mean": 0.5296318467524693,
      "beta_COI_x_cum": 0.0569823841338013,
      "se_COI_x_cum": 0.0176293341617006,
      "p_COI_x_cum": 0.0012282031353625,
      "beta_COI": 0.0288529322751375,
      "se_COI": 0.0151337356351917,
      "beta_cum": 0.0363412129207927,
      "se_cum": 0.0127699055014843,
      "r2": 0.3018410021871676,
      "corpus_label": "Brown",
      "language": "English",
      "n_post": 6682,
      "n_cues_post": 89,
      "age_min_post": 27.16425755584757,
      "age_max_post": 60.98554533508541,
      "obs_window_months": 33.82128777923784,
      "cumulative_min": 0,
      "cumulative_max": 1911,
      "cumulative_range": 1911,
      "cumulative_mean": 425.20996707572584,
      "window_stratum": "C_long_>12mo"
    },
    {
      "child": "Adam",
      "n_episodes": 6707,
      "n_cues": 90,
      "outcome_mean": 0.5822275234829283,
      "beta_COI_x_cum": 0.0400006798695883,
      "se_COI_x_cum": 0.017197521794884,
      "p_COI_x_cum": 0.0200208954035123,
      "beta_COI": 0.0413145455850954,
      "se_COI": 0.0135422451891555,
      "beta_cum": 0.0334916834019282,
      "se_cum": 0.01359340970975,
      "r2": 0.3133057101481509,
      "corpus_label": "Brown",
      "language": "English",
      "n_post": 6707,
      "n_cues_post": 90,
      "age_min_post": 27.131406044678055,
      "age_max_post": 62.39421813403417,
      "obs_window_months": 35.26281208935612,
      "cumulative_min": 0,
      "cumulative_max": 1780,
      "cumulative_range": 1780,
      "cumulative_mean": 435.3080363799016,
      "window_stratum": "C_long_>12mo"
    }
  ],
  "verdict": {
    "obs_window_beta": 0.0156043053330639,
    "obs_window_p": 0.021535954428987633,
    "obs_window_sig_pos": true,
    "strata_betas": [
      0.022245947126437668,
      0.010314315623961198,
      0.0358551631209113
    ],
    "monotonic_across_strata": false,
    "overall": "MIXED \u2014 see strata"
  }
}