{
  "5": {
    "FULL_5comp": {
      "n_studies": 32,
      "Q": 84.8074462077768,
      "df": 31,
      "tau2": 0.0010860682131739734,
      "I2_pct": 63.446605945366485,
      "pooled_beta_RE": 0.02411087833384601,
      "pooled_se_RE": 0.00786673356171555,
      "pooled_z_RE": 3.064916098237347,
      "pooled_p_RE": 0.0021773106839979572
    },
    "FULL_4comp": {
      "n_studies": 32,
      "Q": 79.32557507525095,
      "df": 31,
      "tau2": 0.0007484146229831796,
      "I2_pct": 60.92054804444551,
      "pooled_beta_RE": 0.02200570841572768,
      "pooled_se_RE": 0.006713157852766737,
      "pooled_z_RE": 3.2779965700729536,
      "pooled_p_RE": 0.0010454666596415585
    },
    "DROP_5comp": {
      "n_studies": 21,
      "Q": 67.11833340225452,
      "df": 20,
      "tau2": 0.0013886992762539708,
      "I2_pct": 70.20188227836987,
      "pooled_beta_RE": 0.03630409584475499,
      "pooled_se_RE": 0.010532568062871391,
      "pooled_z_RE": 3.446841798509846,
      "pooled_p_RE": 0.0005671806042470973
    },
    "DROP_4comp": {
      "n_studies": 21,
      "Q": 65.67789281992951,
      "df": 20,
      "tau2": 0.001029841862089788,
      "I2_pct": 69.54835311961907,
      "pooled_beta_RE": 0.031143282713768646,
      "pooled_se_RE": 0.00912150119302698,
      "pooled_z_RE": 3.414271626426627,
      "pooled_p_RE": 0.0006395278267983251
    },
    "Egger_FULL_5": {
      "intercept": 0.41294305623035377,
      "intercept_se": 0.7511705640583994,
      "intercept_p": 0.5865723294247654,
      "n": 32
    },
    "Egger_FULL_4": {
      "intercept": 0.4005385235289367,
      "intercept_se": 0.7011354909459206,
      "intercept_p": 0.5720711323748686,
      "n": 32
    },
    "Egger_DROP_5": {
      "intercept": 0.8925480200442256,
      "intercept_se": 0.9381635365359037,
      "intercept_p": 0.35335922269921716,
      "n": 21
    },
    "Egger_DROP_4": {
      "intercept": 0.9120729277629485,
      "intercept_se": 0.9241004949819998,
      "intercept_p": 0.3360532829304661,
      "n": 21
    }
  },
  "10": {
    "FULL_5comp": {
      "n_studies": 32,
      "Q": 48.534459974177615,
      "df": 31,
      "tau2": 0.000746872946559338,
      "I2_pct": 36.1278563385823,
      "pooled_beta_RE": 0.032530152571455716,
      "pooled_se_RE": 0.008653016414778893,
      "pooled_z_RE": 3.7594003076078697,
      "pooled_p_RE": 0.0001703211290569051
    },
    "FULL_4comp": {
      "n_studies": 32,
      "Q": 38.47468082223629,
      "df": 31,
      "tau2": 0.0002410324209416073,
      "I2_pct": 19.427531723450517,
      "pooled_beta_RE": 0.038276715908591934,
      "pooled_se_RE": 0.0065543770627871515,
      "pooled_z_RE": 5.839870904881284,
      "pooled_p_RE": 5.224128685199503e-09
    },
    "DROP_5comp": {
      "n_studies": 21,
      "Q": 37.43231423299476,
      "df": 20,
      "tau2": 0.0011097945809441115,
      "I2_pct": 46.5702283980856,
      "pooled_beta_RE": 0.0445527433006483,
      "pooled_se_RE": 0.011640758052528113,
      "pooled_z_RE": 3.827306013887337,
      "pooled_p_RE": 0.0001295534117617958
    },
    "DROP_4comp": {
      "n_studies": 21,
      "Q": 31.145314692749757,
      "df": 20,
      "tau2": 0.000539547230406339,
      "I2_pct": 35.78488386679955,
      "pooled_beta_RE": 0.04406070374265311,
      "pooled_se_RE": 0.00915229998490338,
      "pooled_z_RE": 4.814167347588121,
      "pooled_p_RE": 1.4781490296211786e-06
    },
    "Egger_FULL_5": {
      "intercept": 0.10526472933690023,
      "intercept_se": 0.5503441136251305,
      "intercept_p": 0.8496021248780907,
      "n": 32
    },
    "Egger_FULL_4": {
      "intercept": 0.08932227354011928,
      "intercept_se": 0.4724719401304671,
      "intercept_p": 0.8513244268108153,
      "n": 32
    },
    "Egger_DROP_5": {
      "intercept": 0.6090931517334217,
      "intercept_se": 0.6780961566593382,
      "intercept_p": 0.38029978329175296,
      "n": 21
    },
    "Egger_DROP_4": {
      "intercept": 0.6135621613327559,
      "intercept_se": 0.6348697442839382,
      "intercept_p": 0.3459665038002335,
      "n": 21
    }
  }
}