{
  "3": {
    "FULL": {
      "intercept": -0.08693162842421998,
      "intercept_se": 0.4375886487005263,
      "intercept_p": 0.843868447160361,
      "slope": 0.007653281792710403,
      "slope_p": 0.3821567473274108,
      "n": 32
    },
    "DROP_MANC": {
      "intercept": -0.025947572052556822,
      "intercept_se": 0.5402693399585459,
      "intercept_p": 0.9621958929365564,
      "slope": 0.010207905677181384,
      "slope_p": 0.32196398021079264,
      "n": 21
    }
  },
  "5": {
    "FULL": {
      "intercept": 0.4129430562303526,
      "intercept_se": 0.7511705640583994,
      "intercept_p": 0.5865723294247663,
      "slope": 0.012900973037180581,
      "slope_p": 0.49244300060108037,
      "n": 32
    },
    "DROP_MANC": {
      "intercept": 0.8925480200442231,
      "intercept_se": 0.9381635365359037,
      "intercept_p": 0.35335922269921854,
      "slope": 0.01163857679478763,
      "slope_p": 0.6077663416590467,
      "n": 21
    }
  },
  "10": {
    "FULL": {
      "intercept": 0.10526472933690131,
      "intercept_se": 0.5503441136251308,
      "intercept_p": 0.8496021248780893,
      "slope": 0.027407098517781565,
      "slope_p": 0.17362905944054596,
      "n": 32
    },
    "DROP_MANC": {
      "intercept": 0.6090931517334236,
      "intercept_se": 0.6780961566593388,
      "intercept_p": 0.3802997832917518,
      "slope": 0.019478923597489338,
      "slope_p": 0.4166914956913574,
      "n": 21
    }
  },
  "20": {
    "FULL": {
      "intercept": -1.2743378294609071,
      "intercept_se": 0.5691011765046707,
      "intercept_p": 0.03270895620404147,
      "slope": 0.07142611104568078,
      "slope_p": 0.009395730675028623,
      "n": 32
    },
    "DROP_MANC": {
      "intercept": -0.990794966263445,
      "intercept_se": 0.7285248813681355,
      "intercept_p": 0.18974951514223434,
      "slope": 0.07408386961114474,
      "slope_p": 0.02575244739856408,
      "n": 21
    }
  }
}