{
  "3": {
    "FULL": {
      "n_studies": 32,
      "Q": 54.61415979757949,
      "df": 31,
      "tau2": 0.0003346706317248602,
      "I2_pct": 43.23816366506855,
      "pooled_beta_RE": 0.004666842244555459,
      "pooled_se_RE": 0.00554723733121379,
      "pooled_z_RE": 0.8412912529081045,
      "pooled_p_RE": 0.4001847896964743,
      "pred_interval_low": -0.03280159523414486,
      "pred_interval_high": 0.04213527972325577
    },
    "DROP_MANC": {
      "n_studies": 21,
      "Q": 43.598590314757516,
      "df": 20,
      "tau2": 0.000514707589041302,
      "I2_pct": 54.12695718918628,
      "pooled_beta_RE": 0.008766658927689719,
      "pooled_se_RE": 0.007785226714096286,
      "pooled_z_RE": 1.1260634082519918,
      "pooled_p_RE": 0.26013868105169013,
      "pred_interval_low": -0.038245457689520604,
      "pred_interval_high": 0.055778775544900044
    }
  },
  "5": {
    "FULL": {
      "n_studies": 32,
      "Q": 84.80744620777679,
      "df": 31,
      "tau2": 0.0010860682131739734,
      "I2_pct": 63.446605945366485,
      "pooled_beta_RE": 0.024110878333846005,
      "pooled_se_RE": 0.00786673356171555,
      "pooled_z_RE": 3.0649160982373465,
      "pooled_p_RE": 0.0021773106839979572,
      "pred_interval_low": -0.04229679421036646,
      "pred_interval_high": 0.09051855087805848
    },
    "DROP_MANC": {
      "n_studies": 21,
      "Q": 67.1183334022545,
      "df": 20,
      "tau2": 0.0013886992762539715,
      "I2_pct": 70.20188227836987,
      "pooled_beta_RE": 0.03630409584475498,
      "pooled_se_RE": 0.010532568062871393,
      "pooled_z_RE": 3.4468417985098445,
      "pooled_p_RE": 0.0005671806042470973,
      "pred_interval_low": -0.03959712283609022,
      "pred_interval_high": 0.11220531452560019
    }
  },
  "10": {
    "FULL": {
      "n_studies": 32,
      "Q": 48.534459974177615,
      "df": 31,
      "tau2": 0.0007468729465593384,
      "I2_pct": 36.1278563385823,
      "pooled_beta_RE": 0.03253015257145571,
      "pooled_se_RE": 0.008653016414778895,
      "pooled_z_RE": 3.759400307607868,
      "pooled_p_RE": 0.0001703211290569051,
      "pred_interval_low": -0.023655483781771583,
      "pred_interval_high": 0.088715788924683
    },
    "DROP_MANC": {
      "n_studies": 21,
      "Q": 37.43231423299476,
      "df": 20,
      "tau2": 0.0011097945809441128,
      "I2_pct": 46.5702283980856,
      "pooled_beta_RE": 0.044552743300648304,
      "pooled_se_RE": 0.011640758052528118,
      "pooled_z_RE": 3.8273060138873363,
      "pooled_p_RE": 0.0001295534117617958,
      "pred_interval_low": -0.024613372003131462,
      "pred_interval_high": 0.11371885860442807
    }
  },
  "20": {
    "FULL": {
      "n_studies": 32,
      "Q": 62.652647002979116,
      "df": 31,
      "tau2": 0.002188913330613817,
      "I2_pct": 50.52084551427498,
      "pooled_beta_RE": 0.008102478366848482,
      "pooled_se_RE": 0.012547232133428236,
      "pooled_z_RE": 0.6457582262515033,
      "pooled_p_RE": 0.5184359454380294,
      "pred_interval_low": -0.08683815674324383,
      "pred_interval_high": 0.10304311347694078
    },
    "DROP_MANC": {
      "n_studies": 21,
      "Q": 43.55850684217019,
      "df": 20,
      "tau2": 0.0022503378400658227,
      "I2_pct": 54.08474383093993,
      "pooled_beta_RE": 0.028476652314110045,
      "pooled_se_RE": 0.015193176556221454,
      "pooled_z_RE": 1.8743053639068745,
      "pooled_p_RE": 0.06088834864223225,
      "pred_interval_low": -0.0691535910320691,
      "pred_interval_high": 0.12610689566028918
    }
  }
}