{
  "3": {
    "LPM": {
      "FULL": {
        "n_studies": 32,
        "Q": 54.614159797579354,
        "df": 31,
        "tau2": 0.00033467063172486124,
        "I2_pct": 43.238163665068406,
        "pooled_beta_RE": 0.004666842244555463,
        "pooled_se_RE": 0.0055472373312138,
        "pooled_z_RE": 0.8412912529081036,
        "pooled_p_RE": 0.400184789696475
      },
      "DROP_MANC": {
        "n_studies": 21,
        "Q": 43.59859031475743,
        "df": 20,
        "tau2": 0.0005147075890413047,
        "I2_pct": 54.126957189186186,
        "pooled_beta_RE": 0.00876665892768972,
        "pooled_se_RE": 0.007785226714096303,
        "pooled_z_RE": 1.1260634082519896,
        "pooled_p_RE": 0.260138681051691
      },
      "n_full": 32,
      "n_drop": 21
    },
    "Logit": {
      "FULL": {
        "n_studies": 32,
        "Q": 67.5657770494334,
        "df": 31,
        "tau2": 0.005940120769762007,
        "I2_pct": 54.11878416299518,
        "pooled_beta_RE": -0.03946078413296018,
        "pooled_se_RE": 0.023451719189065832,
        "pooled_z_RE": -1.6826392903151615,
        "pooled_p_RE": 0.09244494079704668
      },
      "DROP_MANC": {
        "n_studies": 21,
        "Q": 46.387870748516335,
        "df": 20,
        "tau2": 0.007782720353509786,
        "I2_pct": 56.8852812658152,
        "pooled_beta_RE": -0.003666649551940767,
        "pooled_se_RE": 0.03346983231074644,
        "pooled_z_RE": -0.10955087906919346,
        "pooled_p_RE": 0.9127655689062366
      },
      "n_full": 32,
      "n_drop": 21
    },
    "Continuous": {
      "FULL": {
        "n_studies": 32,
        "Q": 38.15649792608862,
        "df": 31,
        "tau2": 3.783425141284584e-05,
        "I2_pct": 18.7556466527698,
        "pooled_beta_RE": -0.003024245689614991,
        "pooled_se_RE": 0.002668053802545113,
        "pooled_z_RE": -1.1335025128541634,
        "pooled_p_RE": 0.2570032865370382
      },
      "DROP_MANC": {
        "n_studies": 21,
        "Q": 32.9261814272434,
        "df": 20,
        "tau2": 0.00013702464994289385,
        "I2_pct": 39.2580641511869,
        "pooled_beta_RE": -0.0008327104414768319,
        "pooled_se_RE": 0.00444390710763089,
        "pooled_z_RE": -0.18738250402375348,
        "pooled_p_RE": 0.8513607394092073
      },
      "n_full": 32,
      "n_drop": 21
    }
  },
  "5": {
    "LPM": {
      "FULL": {
        "n_studies": 32,
        "Q": 84.80744620777668,
        "df": 31,
        "tau2": 0.0010860682131739751,
        "I2_pct": 63.44660594536643,
        "pooled_beta_RE": 0.02411087833384604,
        "pooled_se_RE": 0.007866733561715559,
        "pooled_z_RE": 3.0649160982373473,
        "pooled_p_RE": 0.0021773106839979572
      },
      "DROP_MANC": {
        "n_studies": 21,
        "Q": 67.11833340225436,
        "df": 20,
        "tau2": 0.001388699276253972,
        "I2_pct": 70.2018822783698,
        "pooled_beta_RE": 0.03630409584475502,
        "pooled_se_RE": 0.010532568062871398,
        "pooled_z_RE": 3.4468417985098463,
        "pooled_p_RE": 0.0005671806042470973
      },
      "n_full": 32,
      "n_drop": 21
    },
    "Logit": {
      "FULL": {
        "n_studies": 32,
        "Q": 91.12763187274246,
        "df": 31,
        "tau2": 0.009351292290021533,
        "I2_pct": 65.98177812489328,
        "pooled_beta_RE": -0.018015837597966537,
        "pooled_se_RE": 0.026565660810602264,
        "pooled_z_RE": -0.6781625996962394,
        "pooled_p_RE": 0.49766860316888084
      },
      "DROP_MANC": {
        "n_studies": 21,
        "Q": 71.45304471562912,
        "df": 20,
        "tau2": 0.014557758857062009,
        "I2_pct": 72.00959024265995,
        "pooled_beta_RE": 0.03943075424913545,
        "pooled_se_RE": 0.0403498268351682,
        "pooled_z_RE": 0.9772223908224631,
        "pooled_p_RE": 0.3284590652751107
      },
      "n_full": 32,
      "n_drop": 21
    },
    "Continuous": {
      "FULL": {
        "n_studies": 32,
        "Q": 65.5938443053417,
        "df": 31,
        "tau2": 0.000158427014441955,
        "I2_pct": 52.73946766148683,
        "pooled_beta_RE": 0.00042429935393415515,
        "pooled_se_RE": 0.0033352282256837425,
        "pooled_z_RE": 0.12721748714727646,
        "pooled_p_RE": 0.898768265093381
      },
      "DROP_MANC": {
        "n_studies": 21,
        "Q": 57.94751072923464,
        "df": 20,
        "tau2": 0.00034675701597582526,
        "I2_pct": 65.48600664927275,
        "pooled_beta_RE": 0.0012298414066630255,
        "pooled_se_RE": 0.005391621639817292,
        "pooled_z_RE": 0.22810232038179548,
        "pooled_p_RE": 0.8195666962401797
      },
      "n_full": 32,
      "n_drop": 21
    }
  },
  "7": {
    "LPM": {
      "FULL": {
        "n_studies": 32,
        "Q": 58.339801876014725,
        "df": 31,
        "tau2": 0.0007382745253612718,
        "I2_pct": 46.86303517814131,
        "pooled_beta_RE": 0.025117259107754863,
        "pooled_se_RE": 0.00758670337814344,
        "pooled_z_RE": 3.3106947584263358,
        "pooled_p_RE": 0.0009306466479683806
      },
      "DROP_MANC": {
        "n_studies": 21,
        "Q": 46.15230324820582,
        "df": 20,
        "tau2": 0.0010642194061842565,
        "I2_pct": 56.66521800127602,
        "pooled_beta_RE": 0.03509944679176167,
        "pooled_se_RE": 0.010395616971700706,
        "pooled_z_RE": 3.3763697611513153,
        "pooled_p_RE": 0.0007344913639650841
      },
      "n_full": 32,
      "n_drop": 21
    },
    "Logit": {
      "FULL": {
        "n_studies": 32,
        "Q": 82.80151193881814,
        "df": 31,
        "tau2": 0.008219931818539623,
        "I2_pct": 62.56107011318123,
        "pooled_beta_RE": -0.0027323896447040566,
        "pooled_se_RE": 0.02578639861203315,
        "pooled_z_RE": -0.1059624372450752,
        "pooled_p_RE": 0.9156121550851908
      },
      "DROP_MANC": {
        "n_studies": 21,
        "Q": 58.35004250511017,
        "df": 20,
        "tau2": 0.010985208270631416,
        "I2_pct": 65.72410380292621,
        "pooled_beta_RE": 0.046724178976470285,
        "pooled_se_RE": 0.03748562994542259,
        "pooled_z_RE": 1.2464557496965802,
        "pooled_p_RE": 0.2125971249878349
      },
      "n_full": 32,
      "n_drop": 21
    },
    "Continuous": {
      "FULL": {
        "n_studies": 32,
        "Q": 45.57509377390723,
        "df": 31,
        "tau2": 6.482809198613142e-05,
        "I2_pct": 31.980392286656794,
        "pooled_beta_RE": 0.0007353393611982997,
        "pooled_se_RE": 0.0027334886694040084,
        "pooled_z_RE": 0.2690113075751758,
        "pooled_p_RE": 0.787920981131101
      },
      "DROP_MANC": {
        "n_studies": 21,
        "Q": 38.83086386181939,
        "df": 20,
        "tau2": 0.00017239311675563884,
        "I2_pct": 48.49457876814045,
        "pooled_beta_RE": 0.0008965416991883262,
        "pooled_se_RE": 0.004458087294612996,
        "pooled_z_RE": 0.2011045634462289,
        "pooled_p_RE": 0.8406168137781809
      },
      "n_full": 32,
      "n_drop": 21
    }
  },
  "10": {
    "LPM": {
      "FULL": {
        "n_studies": 32,
        "Q": 48.53445997417756,
        "df": 31,
        "tau2": 0.0007468729465593383,
        "I2_pct": 36.12785633858222,
        "pooled_beta_RE": 0.03253015257145573,
        "pooled_se_RE": 0.008653016414778902,
        "pooled_z_RE": 3.7594003076078675,
        "pooled_p_RE": 0.0001703211290569051
      },
      "DROP_MANC": {
        "n_studies": 21,
        "Q": 37.43231423299472,
        "df": 20,
        "tau2": 0.0011097945809441132,
        "I2_pct": 46.57022839808553,
        "pooled_beta_RE": 0.044552743300648324,
        "pooled_se_RE": 0.011640758052528125,
        "pooled_z_RE": 3.827306013887336,
        "pooled_p_RE": 0.0001295534117617958
      },
      "n_full": 32,
      "n_drop": 21
    },
    "Logit": {
      "FULL": {
        "n_studies": 32,
        "Q": 88.224092756206,
        "df": 31,
        "tau2": 0.0098360399506236,